/*

	All code and data belongs to Wise Owl, and must not be reproduced or distributed
	in any way without prior written permission
	
	Note that this code is not written as a training aid, but instead is just
	a means to create a SQL Server database on the user's computer
	
	Code assumes Training database does not already exist
	
*/

USE Master
go

-- drop database if exists
BEGIN TRY
	DROP Database Training
END TRY

BEGIN CATCH
	-- database can't exist
END CATCH

-- create new database
CREATE DATABASE Training
go

USE Training
GO

/****** Object:  Table [dbo].[tblResource]    Script Date: 02/08/2010 09:47:28 ******/
SET ANSI_NULLS ON
GO
SET QUOTED_IDENTIFIER ON
GO
SET ANSI_PADDING ON
GO
CREATE TABLE [dbo].[tblResource](
	[ResourceId] [int] NOT NULL,
	[ResourceName] [varchar](50) NULL,
 CONSTRAINT [PK_tblResource] PRIMARY KEY CLUSTERED 
(
	[ResourceId] ASC
)WITH (PAD_INDEX  = OFF, STATISTICS_NORECOMPUTE  = OFF, IGNORE_DUP_KEY = OFF, ALLOW_ROW_LOCKS  = ON, ALLOW_PAGE_LOCKS  = ON) ON [PRIMARY]
) ON [PRIMARY]
GO
SET ANSI_PADDING OFF
GO
INSERT [dbo].[tblResource] ([ResourceId], [ResourceName]) VALUES (3, N'Whiteboard')
INSERT [dbo].[tblResource] ([ResourceId], [ResourceName]) VALUES (7, N'Projector')
INSERT [dbo].[tblResource] ([ResourceId], [ResourceName]) VALUES (293, N'Laptops')
INSERT [dbo].[tblResource] ([ResourceId], [ResourceName]) VALUES (574, N'Special equipment')
INSERT [dbo].[tblResource] ([ResourceId], [ResourceName]) VALUES (595, N'Flip chart')
/****** Object:  Table [dbo].[tblPersonStatus]    Script Date: 02/08/2010 09:47:28 ******/
SET ANSI_NULLS ON
GO
SET QUOTED_IDENTIFIER ON
GO
CREATE TABLE [dbo].[tblPersonStatus](
	[PersonStatusId] [int] NOT NULL,
	[PersonStatusName] [nvarchar](50) NULL,
 CONSTRAINT [PK_tblPersonStatus] PRIMARY KEY CLUSTERED 
(
	[PersonStatusId] ASC
)WITH (PAD_INDEX  = OFF, STATISTICS_NORECOMPUTE  = OFF, IGNORE_DUP_KEY = OFF, ALLOW_ROW_LOCKS  = ON, ALLOW_PAGE_LOCKS  = ON) ON [PRIMARY]
) ON [PRIMARY]
GO
INSERT [dbo].[tblPersonStatus] ([PersonStatusId], [PersonStatusName]) VALUES (1, N'Current')
INSERT [dbo].[tblPersonStatus] ([PersonStatusId], [PersonStatusName]) VALUES (2, N'Obsolete')
/****** Object:  Table [dbo].[tblOrgStatus]    Script Date: 02/08/2010 09:47:28 ******/
SET ANSI_NULLS ON
GO
SET QUOTED_IDENTIFIER ON
GO
CREATE TABLE [dbo].[tblOrgStatus](
	[OrgStatusId] [int] NOT NULL,
	[OrgStatusName] [nvarchar](50) NULL,
 CONSTRAINT [PK_tblOrgStatus] PRIMARY KEY CLUSTERED 
(
	[OrgStatusId] ASC
)WITH (PAD_INDEX  = OFF, STATISTICS_NORECOMPUTE  = OFF, IGNORE_DUP_KEY = OFF, ALLOW_ROW_LOCKS  = ON, ALLOW_PAGE_LOCKS  = ON) ON [PRIMARY]
) ON [PRIMARY]
GO
INSERT [dbo].[tblOrgStatus] ([OrgStatusId], [OrgStatusName]) VALUES (1, N'Current')
INSERT [dbo].[tblOrgStatus] ([OrgStatusId], [OrgStatusName]) VALUES (2, N'Obsolete')
/****** Object:  Table [dbo].[tblCourse]    Script Date: 02/08/2010 09:47:28 ******/
SET ANSI_NULLS ON
GO
SET QUOTED_IDENTIFIER ON
GO
CREATE TABLE [dbo].[tblCourse](
	[CourseId] [int] IDENTITY(1,1) NOT NULL,
	[CourseName] [nvarchar](255) NULL,
	[NumberDays] [int] NULL,
 CONSTRAINT [PK_tblCourse] PRIMARY KEY CLUSTERED 
(
	[CourseId] ASC
)WITH (PAD_INDEX  = OFF, STATISTICS_NORECOMPUTE  = OFF, IGNORE_DUP_KEY = OFF, ALLOW_ROW_LOCKS  = ON, ALLOW_PAGE_LOCKS  = ON) ON [PRIMARY]
) ON [PRIMARY]
GO
SET IDENTITY_INSERT [dbo].[tblCourse] ON
INSERT [dbo].[tblCourse] ([CourseId], [CourseName], [NumberDays]) VALUES (1, N'Introduction to Excel 2003', 1)
INSERT [dbo].[tblCourse] ([CourseId], [CourseName], [NumberDays]) VALUES (2, N'Basic Querying in Access 2003', 1)
INSERT [dbo].[tblCourse] ([CourseId], [CourseName], [NumberDays]) VALUES (3, N'Excel 2003 Visual Basic', 2)
INSERT [dbo].[tblCourse] ([CourseId], [CourseName], [NumberDays]) VALUES (4, N'Introduction to Word 2003', 1)
INSERT [dbo].[tblCourse] ([CourseId], [CourseName], [NumberDays]) VALUES (5, N'Advanced Word 2003', 2)
INSERT [dbo].[tblCourse] ([CourseId], [CourseName], [NumberDays]) VALUES (6, N'Word 2003 for Gurus', 2)
INSERT [dbo].[tblCourse] ([CourseId], [CourseName], [NumberDays]) VALUES (7, N'Microsoft Outlook', 1)
INSERT [dbo].[tblCourse] ([CourseId], [CourseName], [NumberDays]) VALUES (8, N'Introduction to PowerPoint 2003', 1)
INSERT [dbo].[tblCourse] ([CourseId], [CourseName], [NumberDays]) VALUES (9, N'Access 2003 Visual Basic', 2)
INSERT [dbo].[tblCourse] ([CourseId], [CourseName], [NumberDays]) VALUES (10, N'Access 2003 Introduction for Developers', 3)
INSERT [dbo].[tblCourse] ([CourseId], [CourseName], [NumberDays]) VALUES (11, N'Advanced Excel 2003', 2)
INSERT [dbo].[tblCourse] ([CourseId], [CourseName], [NumberDays]) VALUES (12, N'Microsoft Project 2003', 2)
INSERT [dbo].[tblCourse] ([CourseId], [CourseName], [NumberDays]) VALUES (13, N'Advanced Visual Basic for Applications', 2)
INSERT [dbo].[tblCourse] ([CourseId], [CourseName], [NumberDays]) VALUES (14, N'Microsoft Visio 2003', 1)
INSERT [dbo].[tblCourse] ([CourseId], [CourseName], [NumberDays]) VALUES (15, N'Advanced Microsoft Visio 2003', 1)
INSERT [dbo].[tblCourse] ([CourseId], [CourseName], [NumberDays]) VALUES (16, N'Advanced PowerPoint 2003', 1)
INSERT [dbo].[tblCourse] ([CourseId], [CourseName], [NumberDays]) VALUES (17, N'ASP.NET using VB', 3)
INSERT [dbo].[tblCourse] ([CourseId], [CourseName], [NumberDays]) VALUES (18, N'Advanced ASP.NET using VB', 2)
INSERT [dbo].[tblCourse] ([CourseId], [CourseName], [NumberDays]) VALUES (19, N'Visual Basic 2005 Windows Forms', 3)
INSERT [dbo].[tblCourse] ([CourseId], [CourseName], [NumberDays]) VALUES (20, N'Advanced Visual Basic 2005', 2)
INSERT [dbo].[tblCourse] ([CourseId], [CourseName], [NumberDays]) VALUES (21, N'Microsoft Publisher 2003', 1)
INSERT [dbo].[tblCourse] ([CourseId], [CourseName], [NumberDays]) VALUES (22, N'Excel 2003 Business Modelling', 2)
INSERT [dbo].[tblCourse] ([CourseId], [CourseName], [NumberDays]) VALUES (23, N'ASP.NET using C#', 3)
INSERT [dbo].[tblCourse] ([CourseId], [CourseName], [NumberDays]) VALUES (24, N'Advanced ASP.NET using C#', 2)
INSERT [dbo].[tblCourse] ([CourseId], [CourseName], [NumberDays]) VALUES (25, N'Visual C# 2005 Windows Forms', 3)
INSERT [dbo].[tblCourse] ([CourseId], [CourseName], [NumberDays]) VALUES (26, N'Web design using CSS', 2)
INSERT [dbo].[tblCourse] ([CourseId], [CourseName], [NumberDays]) VALUES (27, N'Excel 2007 Upgrade', 1)
INSERT [dbo].[tblCourse] ([CourseId], [CourseName], [NumberDays]) VALUES (28, N'Advanced Visual C# 2005', 2)
INSERT [dbo].[tblCourse] ([CourseId], [CourseName], [NumberDays]) VALUES (29, N'Introduction to Excel 2007', 1)
INSERT [dbo].[tblCourse] ([CourseId], [CourseName], [NumberDays]) VALUES (30, N'Excel 2007 Visual Basic', 2)
INSERT [dbo].[tblCourse] ([CourseId], [CourseName], [NumberDays]) VALUES (31, N'Excel 2007 Business Modelling', 2)
INSERT [dbo].[tblCourse] ([CourseId], [CourseName], [NumberDays]) VALUES (32, N'Microsoft Publisher 2007', 1)
INSERT [dbo].[tblCourse] ([CourseId], [CourseName], [NumberDays]) VALUES (33, N'Advanced PowerPoint 2007', 1)
INSERT [dbo].[tblCourse] ([CourseId], [CourseName], [NumberDays]) VALUES (34, N'Advanced Microsoft Visio 2007', 1)
INSERT [dbo].[tblCourse] ([CourseId], [CourseName], [NumberDays]) VALUES (35, N'Microsoft Visio 2007', 1)
INSERT [dbo].[tblCourse] ([CourseId], [CourseName], [NumberDays]) VALUES (36, N'Advanced Visual Basic for Applications 2007', 2)
INSERT [dbo].[tblCourse] ([CourseId], [CourseName], [NumberDays]) VALUES (37, N'Microsoft Project 2007', 2)
INSERT [dbo].[tblCourse] ([CourseId], [CourseName], [NumberDays]) VALUES (38, N'Advanced Excel 2007', 2)
INSERT [dbo].[tblCourse] ([CourseId], [CourseName], [NumberDays]) VALUES (39, N'Access 2007 Introduction for Developers', 3)
INSERT [dbo].[tblCourse] ([CourseId], [CourseName], [NumberDays]) VALUES (40, N'Access 2007 Visual Basic', 2)
INSERT [dbo].[tblCourse] ([CourseId], [CourseName], [NumberDays]) VALUES (41, N'Introduction to PowerPoint 2007', 1)
INSERT [dbo].[tblCourse] ([CourseId], [CourseName], [NumberDays]) VALUES (42, N'Outlook 2007', 1)
INSERT [dbo].[tblCourse] ([CourseId], [CourseName], [NumberDays]) VALUES (43, N'Word 2007 for Gurus', 2)
INSERT [dbo].[tblCourse] ([CourseId], [CourseName], [NumberDays]) VALUES (44, N'Advanced Word 2007', 2)
INSERT [dbo].[tblCourse] ([CourseId], [CourseName], [NumberDays]) VALUES (45, N'Introduction to Word 2007', 1)
INSERT [dbo].[tblCourse] ([CourseId], [CourseName], [NumberDays]) VALUES (46, N'Basic Querying in Access 2007', 1)
INSERT [dbo].[tblCourse] ([CourseId], [CourseName], [NumberDays]) VALUES (47, N'SEO Search Engine Optimisation', 1)
INSERT [dbo].[tblCourse] ([CourseId], [CourseName], [NumberDays]) VALUES (48, N'Tailored SQL', 1)
INSERT [dbo].[tblCourse] ([CourseId], [CourseName], [NumberDays]) VALUES (49, N'Writing SQL', 2)
INSERT [dbo].[tblCourse] ([CourseId], [CourseName], [NumberDays]) VALUES (50, N'Office 2007 upgrade', 1)
INSERT [dbo].[tblCourse] ([CourseId], [CourseName], [NumberDays]) VALUES (51, N'Visio 2003 Flow Charts and Diagrams', 1)
INSERT [dbo].[tblCourse] ([CourseId], [CourseName], [NumberDays]) VALUES (52, N'Project 2003 Scheduling and Gantt Charts', 1)
INSERT [dbo].[tblCourse] ([CourseId], [CourseName], [NumberDays]) VALUES (53, N'Project 2007 Scheduling and Gantt Charts', 1)
INSERT [dbo].[tblCourse] ([CourseId], [CourseName], [NumberDays]) VALUES (54, N'Tailored Access 2007', 1)
INSERT [dbo].[tblCourse] ([CourseId], [CourseName], [NumberDays]) VALUES (55, N'Tailored Access 2003', 1)
INSERT [dbo].[tblCourse] ([CourseId], [CourseName], [NumberDays]) VALUES (56, N'Tailored Project 2003', 1)
INSERT [dbo].[tblCourse] ([CourseId], [CourseName], [NumberDays]) VALUES (57, N'Tailored Project 2007', 1)
INSERT [dbo].[tblCourse] ([CourseId], [CourseName], [NumberDays]) VALUES (58, N'Tailored ASP.NET using VB', 1)
INSERT [dbo].[tblCourse] ([CourseId], [CourseName], [NumberDays]) VALUES (59, N'Tailored Visual Basic', 1)
INSERT [dbo].[tblCourse] ([CourseId], [CourseName], [NumberDays]) VALUES (60, N'Tailored ASP.NET Visual C#', 1)
INSERT [dbo].[tblCourse] ([CourseId], [CourseName], [NumberDays]) VALUES (61, N'Tailored Visual C#', 1)
INSERT [dbo].[tblCourse] ([CourseId], [CourseName], [NumberDays]) VALUES (62, N'Tailored Word 2007', 1)
INSERT [dbo].[tblCourse] ([CourseId], [CourseName], [NumberDays]) VALUES (63, N'SSRS', 2)
INSERT [dbo].[tblCourse] ([CourseId], [CourseName], [NumberDays]) VALUES (64, N'Visio 2007 Flowcharts and Diagrams', 1)
INSERT [dbo].[tblCourse] ([CourseId], [CourseName], [NumberDays]) VALUES (65, N'Tailored Visual Studio', 1)
INSERT [dbo].[tblCourse] ([CourseId], [CourseName], [NumberDays]) VALUES (66, N'Tailored Word 2003', 1)
INSERT [dbo].[tblCourse] ([CourseId], [CourseName], [NumberDays]) VALUES (67, N'SQL Programming and Stored Procedures', 2)
INSERT [dbo].[tblCourse] ([CourseId], [CourseName], [NumberDays]) VALUES (68, N'Upsizing Access to SQL', 1)
INSERT [dbo].[tblCourse] ([CourseId], [CourseName], [NumberDays]) VALUES (69, N'Excel Visual Basic', 2)
INSERT [dbo].[tblCourse] ([CourseId], [CourseName], [NumberDays]) VALUES (73, N'Philately', 2)
INSERT [dbo].[tblCourse] ([CourseId], [CourseName], [NumberDays]) VALUES (74, N'Numismatology', 1)
INSERT [dbo].[tblCourse] ([CourseId], [CourseName], [NumberDays]) VALUES (75, N'Train-spotting', 5)
SET IDENTITY_INSERT [dbo].[tblCourse] OFF
/****** Object:  Table [dbo].[tblTrainer]    Script Date: 02/08/2010 09:47:28 ******/
SET ANSI_NULLS ON
GO
SET QUOTED_IDENTIFIER ON
GO
SET ANSI_PADDING ON
GO
CREATE TABLE [dbo].[tblTrainer](
	[TrainerId] [int] NOT NULL,
	[TrainerName] [varchar](50) NULL,
 CONSTRAINT [PK_tblTrainer] PRIMARY KEY CLUSTERED 
(
	[TrainerId] ASC
)WITH (PAD_INDEX  = OFF, STATISTICS_NORECOMPUTE  = OFF, IGNORE_DUP_KEY = OFF, ALLOW_ROW_LOCKS  = ON, ALLOW_PAGE_LOCKS  = ON) ON [PRIMARY]
) ON [PRIMARY]
GO
SET ANSI_PADDING OFF
GO
INSERT [dbo].[tblTrainer] ([TrainerId], [TrainerName]) VALUES (21, N'Troy Bolton')
INSERT [dbo].[tblTrainer] ([TrainerId], [TrainerName]) VALUES (93, N'Sharpay Evans')
INSERT [dbo].[tblTrainer] ([TrainerId], [TrainerName]) VALUES (1021, N'Ryan Evans')
INSERT [dbo].[tblTrainer] ([TrainerId], [TrainerName]) VALUES (2936, N'Gabriella Montez')
INSERT [dbo].[tblTrainer] ([TrainerId], [TrainerName]) VALUES (3993, N'Chad Danforth')
INSERT [dbo].[tblTrainer] ([TrainerId], [TrainerName]) VALUES (4085, N'Taylor McKessie')
/****** Object:  Table [dbo].[tblSector]    Script Date: 02/08/2010 09:47:28 ******/
SET ANSI_NULLS ON
GO
SET QUOTED_IDENTIFIER ON
GO
CREATE TABLE [dbo].[tblSector](
	[SectorId] [int] NOT NULL,
	[SectorName] [nvarchar](50) NULL,
 CONSTRAINT [PK_tblSector] PRIMARY KEY CLUSTERED 
(
	[SectorId] ASC
)WITH (PAD_INDEX  = OFF, STATISTICS_NORECOMPUTE  = OFF, IGNORE_DUP_KEY = OFF, ALLOW_ROW_LOCKS  = ON, ALLOW_PAGE_LOCKS  = ON) ON [PRIMARY]
) ON [PRIMARY]
GO
INSERT [dbo].[tblSector] ([SectorId], [SectorName]) VALUES (2523, N'Construction/property')
INSERT [dbo].[tblSector] ([SectorId], [SectorName]) VALUES (2524, N'Education/training')
INSERT [dbo].[tblSector] ([SectorId], [SectorName]) VALUES (2525, N'Financial and professional services')
INSERT [dbo].[tblSector] ([SectorId], [SectorName]) VALUES (2526, N'Food/drink/hotels')
INSERT [dbo].[tblSector] ([SectorId], [SectorName]) VALUES (2527, N'Health')
INSERT [dbo].[tblSector] ([SectorId], [SectorName]) VALUES (2528, N'Leisure')
INSERT [dbo].[tblSector] ([SectorId], [SectorName]) VALUES (2529, N'Manufacturing/engineering')
INSERT [dbo].[tblSector] ([SectorId], [SectorName]) VALUES (2530, N'Media, PR, advertising and market research')
INSERT [dbo].[tblSector] ([SectorId], [SectorName]) VALUES (2531, N'Not specified')
INSERT [dbo].[tblSector] ([SectorId], [SectorName]) VALUES (2532, N'Oil/gas/chemicals/mining')
INSERT [dbo].[tblSector] ([SectorId], [SectorName]) VALUES (2533, N'Pharmaceuticals')
INSERT [dbo].[tblSector] ([SectorId], [SectorName]) VALUES (2534, N'Public sector')
INSERT [dbo].[tblSector] ([SectorId], [SectorName]) VALUES (2535, N'Retail')
INSERT [dbo].[tblSector] ([SectorId], [SectorName]) VALUES (2536, N'Technology')
INSERT [dbo].[tblSector] ([SectorId], [SectorName]) VALUES (2537, N'Transport/logistics')
INSERT [dbo].[tblSector] ([SectorId], [SectorName]) VALUES (2538, N'Utilities')
INSERT [dbo].[tblSector] ([SectorId], [SectorName]) VALUES (2539, N'Voluntary sector')
INSERT [dbo].[tblSector] ([SectorId], [SectorName]) VALUES (2540, N'Legal')
INSERT [dbo].[tblSector] ([SectorId], [SectorName]) VALUES (2541, N'Recruitment/HR')
INSERT [dbo].[tblSector] ([SectorId], [SectorName]) VALUES (2543, N'Individuals')
/****** Object:  Table [dbo].[tblSchedule]    Script Date: 02/08/2010 09:47:28 ******/
SET ANSI_NULLS ON
GO
SET QUOTED_IDENTIFIER ON
GO
CREATE TABLE [dbo].[tblSchedule](
	[ScheduleId] [int] IDENTITY(1,1) NOT NULL,
	[CourseId] [int] NULL,
	[StartDate] [datetime] NULL,
	[TrainerIds] [nvarchar](50) NULL,
	[ResourceIds] [nvarchar](50) NULL,
 CONSTRAINT [PK_tblSchedule_1] PRIMARY KEY CLUSTERED 
(
	[ScheduleId] ASC
)WITH (PAD_INDEX  = OFF, STATISTICS_NORECOMPUTE  = OFF, IGNORE_DUP_KEY = OFF, ALLOW_ROW_LOCKS  = ON, ALLOW_PAGE_LOCKS  = ON) ON [PRIMARY]
) ON [PRIMARY]
GO
SET IDENTITY_INSERT [dbo].[tblSchedule] ON
INSERT [dbo].[tblSchedule] ([ScheduleId], [CourseId], [StartDate], [TrainerIds], [ResourceIds]) VALUES (1, 25, CAST(0x00009CFC00000000 AS DateTime), N'21,93', N'574,595')
INSERT [dbo].[tblSchedule] ([ScheduleId], [CourseId], [StartDate], [TrainerIds], [ResourceIds]) VALUES (2, 58, CAST(0x00009CFD00000000 AS DateTime), N'93,4085', N'3,7,293')
INSERT [dbo].[tblSchedule] ([ScheduleId], [CourseId], [StartDate], [TrainerIds], [ResourceIds]) VALUES (3, 36, CAST(0x00009D0300000000 AS DateTime), N'21,93,1021', N'293,574,595')
INSERT [dbo].[tblSchedule] ([ScheduleId], [CourseId], [StartDate], [TrainerIds], [ResourceIds]) VALUES (4, 27, CAST(0x00009D0400000000 AS DateTime), N'21', N'574')
INSERT [dbo].[tblSchedule] ([ScheduleId], [CourseId], [StartDate], [TrainerIds], [ResourceIds]) VALUES (5, 53, CAST(0x00009D0A00000000 AS DateTime), N'21,4085', N'293,574,595')
INSERT [dbo].[tblSchedule] ([ScheduleId], [CourseId], [StartDate], [TrainerIds], [ResourceIds]) VALUES (6, 65, CAST(0x00009D0B00000000 AS DateTime), N'21,4085', N'293,574')
INSERT [dbo].[tblSchedule] ([ScheduleId], [CourseId], [StartDate], [TrainerIds], [ResourceIds]) VALUES (7, 47, CAST(0x00009D1100000000 AS DateTime), N'21,93', N'3,7,293,595')
INSERT [dbo].[tblSchedule] ([ScheduleId], [CourseId], [StartDate], [TrainerIds], [ResourceIds]) VALUES (8, 27, CAST(0x00009D1200000000 AS DateTime), N'1021,2936', N'293')
INSERT [dbo].[tblSchedule] ([ScheduleId], [CourseId], [StartDate], [TrainerIds], [ResourceIds]) VALUES (9, 6, CAST(0x00009D1800000000 AS DateTime), N'21,4085', N'3,293,595')
INSERT [dbo].[tblSchedule] ([ScheduleId], [CourseId], [StartDate], [TrainerIds], [ResourceIds]) VALUES (10, 22, CAST(0x00009D1900000000 AS DateTime), N'4085', N'7,293,595,574')
INSERT [dbo].[tblSchedule] ([ScheduleId], [CourseId], [StartDate], [TrainerIds], [ResourceIds]) VALUES (11, 5, CAST(0x00009D1F00000000 AS DateTime), N'1021,3993', N'574')
INSERT [dbo].[tblSchedule] ([ScheduleId], [CourseId], [StartDate], [TrainerIds], [ResourceIds]) VALUES (12, 55, CAST(0x00009D2000000000 AS DateTime), N'93,3993', N'7,293,595,574')
INSERT [dbo].[tblSchedule] ([ScheduleId], [CourseId], [StartDate], [TrainerIds], [ResourceIds]) VALUES (13, 49, CAST(0x00009D2600000000 AS DateTime), N'21,93,1021,2936,3993,4085', N'293,595')
INSERT [dbo].[tblSchedule] ([ScheduleId], [CourseId], [StartDate], [TrainerIds], [ResourceIds]) VALUES (14, 33, CAST(0x00009D2700000000 AS DateTime), N'93', N'3,293,574')
INSERT [dbo].[tblSchedule] ([ScheduleId], [CourseId], [StartDate], [TrainerIds], [ResourceIds]) VALUES (15, 31, CAST(0x00009D2D00000000 AS DateTime), N'21,93,1021,2936,3993,4085', N'293')
INSERT [dbo].[tblSchedule] ([ScheduleId], [CourseId], [StartDate], [TrainerIds], [ResourceIds]) VALUES (16, 32, CAST(0x00009D2E00000000 AS DateTime), N'93,1021', N'574')
INSERT [dbo].[tblSchedule] ([ScheduleId], [CourseId], [StartDate], [TrainerIds], [ResourceIds]) VALUES (17, 29, CAST(0x00009D3400000000 AS DateTime), N'1021,2936', N'3,7,293')
INSERT [dbo].[tblSchedule] ([ScheduleId], [CourseId], [StartDate], [TrainerIds], [ResourceIds]) VALUES (18, 32, CAST(0x00009D3500000000 AS DateTime), N'93,3993', N'3,293')
INSERT [dbo].[tblSchedule] ([ScheduleId], [CourseId], [StartDate], [TrainerIds], [ResourceIds]) VALUES (19, 3, CAST(0x00009D3B00000000 AS DateTime), N'93', N'7,293,595')
INSERT [dbo].[tblSchedule] ([ScheduleId], [CourseId], [StartDate], [TrainerIds], [ResourceIds]) VALUES (20, 37, CAST(0x00009D3C00000000 AS DateTime), N'93,4085', N'3,7,293')
INSERT [dbo].[tblSchedule] ([ScheduleId], [CourseId], [StartDate], [TrainerIds], [ResourceIds]) VALUES (21, 2, CAST(0x00009D4200000000 AS DateTime), N'21,93,1021', N'293,574,595')
INSERT [dbo].[tblSchedule] ([ScheduleId], [CourseId], [StartDate], [TrainerIds], [ResourceIds]) VALUES (22, 65, CAST(0x00009D4300000000 AS DateTime), N'21,3993', N'3,7,293')
INSERT [dbo].[tblSchedule] ([ScheduleId], [CourseId], [StartDate], [TrainerIds], [ResourceIds]) VALUES (23, 68, CAST(0x00009D4900000000 AS DateTime), N'3993,4085', N'574,595')
INSERT [dbo].[tblSchedule] ([ScheduleId], [CourseId], [StartDate], [TrainerIds], [ResourceIds]) VALUES (24, 69, CAST(0x00009D4A00000000 AS DateTime), N'93,4085', N'3,7,293,595,574')
INSERT [dbo].[tblSchedule] ([ScheduleId], [CourseId], [StartDate], [TrainerIds], [ResourceIds]) VALUES (25, 66, CAST(0x00009D5000000000 AS DateTime), N'2936', N'3')
INSERT [dbo].[tblSchedule] ([ScheduleId], [CourseId], [StartDate], [TrainerIds], [ResourceIds]) VALUES (26, 45, CAST(0x00009D5100000000 AS DateTime), N'93,3993', N'7,293,595')
INSERT [dbo].[tblSchedule] ([ScheduleId], [CourseId], [StartDate], [TrainerIds], [ResourceIds]) VALUES (27, 43, CAST(0x00009D5700000000 AS DateTime), N'21,4085', N'7,293')
INSERT [dbo].[tblSchedule] ([ScheduleId], [CourseId], [StartDate], [TrainerIds], [ResourceIds]) VALUES (28, 9, CAST(0x00009D5800000000 AS DateTime), N'1021', N'3,7,293')
INSERT [dbo].[tblSchedule] ([ScheduleId], [CourseId], [StartDate], [TrainerIds], [ResourceIds]) VALUES (29, 53, CAST(0x00009D5E00000000 AS DateTime), N'3993', N'3,293,574')
INSERT [dbo].[tblSchedule] ([ScheduleId], [CourseId], [StartDate], [TrainerIds], [ResourceIds]) VALUES (30, 27, CAST(0x00009D5F00000000 AS DateTime), N'2936,3993', N'7')
INSERT [dbo].[tblSchedule] ([ScheduleId], [CourseId], [StartDate], [TrainerIds], [ResourceIds]) VALUES (31, 49, CAST(0x00009D6500000000 AS DateTime), N'21,93,1021', N'595')
INSERT [dbo].[tblSchedule] ([ScheduleId], [CourseId], [StartDate], [TrainerIds], [ResourceIds]) VALUES (32, 1, CAST(0x00009D6600000000 AS DateTime), N'3993,4085', N'595')
INSERT [dbo].[tblSchedule] ([ScheduleId], [CourseId], [StartDate], [TrainerIds], [ResourceIds]) VALUES (33, 1, CAST(0x00009D6C00000000 AS DateTime), N'3993,4085', N'293,595')
INSERT [dbo].[tblSchedule] ([ScheduleId], [CourseId], [StartDate], [TrainerIds], [ResourceIds]) VALUES (34, 5, CAST(0x00009D6D00000000 AS DateTime), N'2936', N'7,293,595')
INSERT [dbo].[tblSchedule] ([ScheduleId], [CourseId], [StartDate], [TrainerIds], [ResourceIds]) VALUES (35, 16, CAST(0x00009D7300000000 AS DateTime), N'1021,4085', N'3,7,293,595,574')
INSERT [dbo].[tblSchedule] ([ScheduleId], [CourseId], [StartDate], [TrainerIds], [ResourceIds]) VALUES (36, 32, CAST(0x00009D7400000000 AS DateTime), N'21,2936', N'293,595')
INSERT [dbo].[tblSchedule] ([ScheduleId], [CourseId], [StartDate], [TrainerIds], [ResourceIds]) VALUES (37, 35, CAST(0x00009D7A00000000 AS DateTime), N'1021', N'3,293')
INSERT [dbo].[tblSchedule] ([ScheduleId], [CourseId], [StartDate], [TrainerIds], [ResourceIds]) VALUES (38, 44, CAST(0x00009D7B00000000 AS DateTime), N'93,3993', N'3,7')
INSERT [dbo].[tblSchedule] ([ScheduleId], [CourseId], [StartDate], [TrainerIds], [ResourceIds]) VALUES (39, 63, CAST(0x00009D8100000000 AS DateTime), N'93,3993', N'293')
INSERT [dbo].[tblSchedule] ([ScheduleId], [CourseId], [StartDate], [TrainerIds], [ResourceIds]) VALUES (40, 53, CAST(0x00009D8200000000 AS DateTime), N'3993', N'3,7,293,595')
INSERT [dbo].[tblSchedule] ([ScheduleId], [CourseId], [StartDate], [TrainerIds], [ResourceIds]) VALUES (41, 60, CAST(0x00009D8800000000 AS DateTime), N'2936,3993,4085', N'574')
INSERT [dbo].[tblSchedule] ([ScheduleId], [CourseId], [StartDate], [TrainerIds], [ResourceIds]) VALUES (42, 22, CAST(0x00009D8900000000 AS DateTime), N'21,93', N'3,7,293')
INSERT [dbo].[tblSchedule] ([ScheduleId], [CourseId], [StartDate], [TrainerIds], [ResourceIds]) VALUES (43, 47, CAST(0x00009D8F00000000 AS DateTime), N'21,93', N'7,293,595,574')
INSERT [dbo].[tblSchedule] ([ScheduleId], [CourseId], [StartDate], [TrainerIds], [ResourceIds]) VALUES (44, 24, CAST(0x00009D9000000000 AS DateTime), N'2936,4085', N'3,293,574,595')
INSERT [dbo].[tblSchedule] ([ScheduleId], [CourseId], [StartDate], [TrainerIds], [ResourceIds]) VALUES (45, 15, CAST(0x00009D9600000000 AS DateTime), N'93,3993', NULL)
INSERT [dbo].[tblSchedule] ([ScheduleId], [CourseId], [StartDate], [TrainerIds], [ResourceIds]) VALUES (46, 26, CAST(0x00009D9700000000 AS DateTime), N'2936', N'293,574,595')
INSERT [dbo].[tblSchedule] ([ScheduleId], [CourseId], [StartDate], [TrainerIds], [ResourceIds]) VALUES (47, 36, CAST(0x00009D9D00000000 AS DateTime), N'1021,4085', N'3,7')
INSERT [dbo].[tblSchedule] ([ScheduleId], [CourseId], [StartDate], [TrainerIds], [ResourceIds]) VALUES (48, 16, CAST(0x00009D9E00000000 AS DateTime), N'1021,4085', N'574,595')
INSERT [dbo].[tblSchedule] ([ScheduleId], [CourseId], [StartDate], [TrainerIds], [ResourceIds]) VALUES (49, 6, CAST(0x00009DA400000000 AS DateTime), N'1021,4085', N'7')
INSERT [dbo].[tblSchedule] ([ScheduleId], [CourseId], [StartDate], [TrainerIds], [ResourceIds]) VALUES (50, 14, CAST(0x00009DA500000000 AS DateTime), N'1021', N'7')
INSERT [dbo].[tblSchedule] ([ScheduleId], [CourseId], [StartDate], [TrainerIds], [ResourceIds]) VALUES (51, 58, CAST(0x00009DAB00000000 AS DateTime), N'93,2936', N'293,595')
INSERT [dbo].[tblSchedule] ([ScheduleId], [CourseId], [StartDate], [TrainerIds], [ResourceIds]) VALUES (52, 6, CAST(0x00009DAC00000000 AS DateTime), N'1021,2936', N'293,574')
INSERT [dbo].[tblSchedule] ([ScheduleId], [CourseId], [StartDate], [TrainerIds], [ResourceIds]) VALUES (53, 37, CAST(0x00009DB200000000 AS DateTime), N'3993,4085', N'293,574,595')
INSERT [dbo].[tblSchedule] ([ScheduleId], [CourseId], [StartDate], [TrainerIds], [ResourceIds]) VALUES (54, 36, CAST(0x00009DB300000000 AS DateTime), N'3993,4085', N'3,293,595')
INSERT [dbo].[tblSchedule] ([ScheduleId], [CourseId], [StartDate], [TrainerIds], [ResourceIds]) VALUES (55, 49, CAST(0x00009DB900000000 AS DateTime), N'21,1021', N'574')
INSERT [dbo].[tblSchedule] ([ScheduleId], [CourseId], [StartDate], [TrainerIds], [ResourceIds]) VALUES (56, 62, CAST(0x00009DBA00000000 AS DateTime), N'21,93,1021,2936,3993,4085', N'574')
INSERT [dbo].[tblSchedule] ([ScheduleId], [CourseId], [StartDate], [TrainerIds], [ResourceIds]) VALUES (57, 58, CAST(0x00009DC000000000 AS DateTime), N'21,3993', N'7,293,595,574')
INSERT [dbo].[tblSchedule] ([ScheduleId], [CourseId], [StartDate], [TrainerIds], [ResourceIds]) VALUES (58, 5, CAST(0x00009DC100000000 AS DateTime), N'21,3993', NULL)
INSERT [dbo].[tblSchedule] ([ScheduleId], [CourseId], [StartDate], [TrainerIds], [ResourceIds]) VALUES (59, 18, CAST(0x00009DC700000000 AS DateTime), N'93,1021', N'3,293,574,595')
INSERT [dbo].[tblSchedule] ([ScheduleId], [CourseId], [StartDate], [TrainerIds], [ResourceIds]) VALUES (60, 66, CAST(0x00009DC800000000 AS DateTime), N'93,2936', N'3,293')
INSERT [dbo].[tblSchedule] ([ScheduleId], [CourseId], [StartDate], [TrainerIds], [ResourceIds]) VALUES (61, 66, CAST(0x00009DCE00000000 AS DateTime), N'4085', N'595')
INSERT [dbo].[tblSchedule] ([ScheduleId], [CourseId], [StartDate], [TrainerIds], [ResourceIds]) VALUES (62, 15, CAST(0x00009DCF00000000 AS DateTime), N'93', N'3,7,293,595')
INSERT [dbo].[tblSchedule] ([ScheduleId], [CourseId], [StartDate], [TrainerIds], [ResourceIds]) VALUES (63, 59, CAST(0x00009DD500000000 AS DateTime), N'93,4085', N'293,574,595')
INSERT [dbo].[tblSchedule] ([ScheduleId], [CourseId], [StartDate], [TrainerIds], [ResourceIds]) VALUES (64, 2, CAST(0x00009DD600000000 AS DateTime), N'3993', N'3')
INSERT [dbo].[tblSchedule] ([ScheduleId], [CourseId], [StartDate], [TrainerIds], [ResourceIds]) VALUES (65, 25, CAST(0x00009DDC00000000 AS DateTime), N'1021,4085', N'3,7,293,595')
INSERT [dbo].[tblSchedule] ([ScheduleId], [CourseId], [StartDate], [TrainerIds], [ResourceIds]) VALUES (66, 23, CAST(0x00009DDD00000000 AS DateTime), N'2936,4085', N'574')
INSERT [dbo].[tblSchedule] ([ScheduleId], [CourseId], [StartDate], [TrainerIds], [ResourceIds]) VALUES (67, 21, CAST(0x00009DE300000000 AS DateTime), N'1021,2936', N'3,7,293')
INSERT [dbo].[tblSchedule] ([ScheduleId], [CourseId], [StartDate], [TrainerIds], [ResourceIds]) VALUES (68, 17, CAST(0x00009DE400000000 AS DateTime), N'3993', N'293,595')
INSERT [dbo].[tblSchedule] ([ScheduleId], [CourseId], [StartDate], [TrainerIds], [ResourceIds]) VALUES (69, 9, CAST(0x00009DEA00000000 AS DateTime), N'21,4085', N'595')
INSERT [dbo].[tblSchedule] ([ScheduleId], [CourseId], [StartDate], [TrainerIds], [ResourceIds]) VALUES (70, 24, CAST(0x00009DEB00000000 AS DateTime), N'21,3993', N'7,293,595')
INSERT [dbo].[tblSchedule] ([ScheduleId], [CourseId], [StartDate], [TrainerIds], [ResourceIds]) VALUES (71, 32, CAST(0x00009DF100000000 AS DateTime), N'93,2936', N'574,595')
INSERT [dbo].[tblSchedule] ([ScheduleId], [CourseId], [StartDate], [TrainerIds], [ResourceIds]) VALUES (72, 9, CAST(0x00009DF200000000 AS DateTime), N'21,93,1021,2936,3993,4085', N'293')
INSERT [dbo].[tblSchedule] ([ScheduleId], [CourseId], [StartDate], [TrainerIds], [ResourceIds]) VALUES (73, 67, CAST(0x00009DF800000000 AS DateTime), N'93', N'574')
INSERT [dbo].[tblSchedule] ([ScheduleId], [CourseId], [StartDate], [TrainerIds], [ResourceIds]) VALUES (74, 61, CAST(0x00009DF900000000 AS DateTime), N'3993', N'293,595')
INSERT [dbo].[tblSchedule] ([ScheduleId], [CourseId], [StartDate], [TrainerIds], [ResourceIds]) VALUES (75, 63, CAST(0x00009DFF00000000 AS DateTime), N'93,4085', N'574,595')
INSERT [dbo].[tblSchedule] ([ScheduleId], [CourseId], [StartDate], [TrainerIds], [ResourceIds]) VALUES (76, 6, CAST(0x00009E0000000000 AS DateTime), N'3993,4085', N'293')
INSERT [dbo].[tblSchedule] ([ScheduleId], [CourseId], [StartDate], [TrainerIds], [ResourceIds]) VALUES (77, 37, CAST(0x00009E0600000000 AS DateTime), N'2936,3993,4085', N'595')
INSERT [dbo].[tblSchedule] ([ScheduleId], [CourseId], [StartDate], [TrainerIds], [ResourceIds]) VALUES (78, 37, CAST(0x00009E0700000000 AS DateTime), N'1021', N'3,293,574')
INSERT [dbo].[tblSchedule] ([ScheduleId], [CourseId], [StartDate], [TrainerIds], [ResourceIds]) VALUES (79, 40, CAST(0x00009E0D00000000 AS DateTime), N'21', N'7,293,595,574')
INSERT [dbo].[tblSchedule] ([ScheduleId], [CourseId], [StartDate], [TrainerIds], [ResourceIds]) VALUES (80, 64, CAST(0x00009E0E00000000 AS DateTime), N'21,93,1021,2936,3993,4085', N'7,293')
INSERT [dbo].[tblSchedule] ([ScheduleId], [CourseId], [StartDate], [TrainerIds], [ResourceIds]) VALUES (81, 26, CAST(0x00009E1400000000 AS DateTime), N'4085', N'293,574')
INSERT [dbo].[tblSchedule] ([ScheduleId], [CourseId], [StartDate], [TrainerIds], [ResourceIds]) VALUES (82, 19, CAST(0x00009E1500000000 AS DateTime), N'21,93', N'293,574')
INSERT [dbo].[tblSchedule] ([ScheduleId], [CourseId], [StartDate], [TrainerIds], [ResourceIds]) VALUES (83, 13, CAST(0x00009E1B00000000 AS DateTime), N'21,2936', N'3,293')
INSERT [dbo].[tblSchedule] ([ScheduleId], [CourseId], [StartDate], [TrainerIds], [ResourceIds]) VALUES (84, 18, CAST(0x00009E1C00000000 AS DateTime), N'21,93', N'3,7,293')
INSERT [dbo].[tblSchedule] ([ScheduleId], [CourseId], [StartDate], [TrainerIds], [ResourceIds]) VALUES (85, 17, CAST(0x00009E2200000000 AS DateTime), N'21', N'7,293')
INSERT [dbo].[tblSchedule] ([ScheduleId], [CourseId], [StartDate], [TrainerIds], [ResourceIds]) VALUES (86, 60, CAST(0x00009E2300000000 AS DateTime), N'21,2936', N'7,293,595,574')
INSERT [dbo].[tblSchedule] ([ScheduleId], [CourseId], [StartDate], [TrainerIds], [ResourceIds]) VALUES (87, 52, CAST(0x00009E2900000000 AS DateTime), N'2936,3993,4085', N'3,7')
INSERT [dbo].[tblSchedule] ([ScheduleId], [CourseId], [StartDate], [TrainerIds], [ResourceIds]) VALUES (88, 51, CAST(0x00009E2A00000000 AS DateTime), N'21,93,1021', N'3,293,574')
INSERT [dbo].[tblSchedule] ([ScheduleId], [CourseId], [StartDate], [TrainerIds], [ResourceIds]) VALUES (89, 9, CAST(0x00009E3000000000 AS DateTime), N'93,2936', N'293,595')
INSERT [dbo].[tblSchedule] ([ScheduleId], [CourseId], [StartDate], [TrainerIds], [ResourceIds]) VALUES (90, 19, CAST(0x00009E3100000000 AS DateTime), N'1021,4085', N'574,595')
INSERT [dbo].[tblSchedule] ([ScheduleId], [CourseId], [StartDate], [TrainerIds], [ResourceIds]) VALUES (91, 11, CAST(0x00009E3700000000 AS DateTime), N'21,3993', N'574')
INSERT [dbo].[tblSchedule] ([ScheduleId], [CourseId], [StartDate], [TrainerIds], [ResourceIds]) VALUES (92, 41, CAST(0x00009E3800000000 AS DateTime), N'2936,4085', N'7,293,595')
INSERT [dbo].[tblSchedule] ([ScheduleId], [CourseId], [StartDate], [TrainerIds], [ResourceIds]) VALUES (93, 30, CAST(0x00009E3E00000000 AS DateTime), N'4085', N'7,293')
INSERT [dbo].[tblSchedule] ([ScheduleId], [CourseId], [StartDate], [TrainerIds], [ResourceIds]) VALUES (94, 7, CAST(0x00009E3F00000000 AS DateTime), N'2936,4085', N'293,595')
INSERT [dbo].[tblSchedule] ([ScheduleId], [CourseId], [StartDate], [TrainerIds], [ResourceIds]) VALUES (95, 56, CAST(0x00009E4500000000 AS DateTime), N'3993', N'7,293,595')
INSERT [dbo].[tblSchedule] ([ScheduleId], [CourseId], [StartDate], [TrainerIds], [ResourceIds]) VALUES (96, 24, CAST(0x00009E4600000000 AS DateTime), N'1021,4085', N'293,574,595')
INSERT [dbo].[tblSchedule] ([ScheduleId], [CourseId], [StartDate], [TrainerIds], [ResourceIds]) VALUES (97, 21, CAST(0x00009E4C00000000 AS DateTime), N'2936', N'293,574')
INSERT [dbo].[tblSchedule] ([ScheduleId], [CourseId], [StartDate], [TrainerIds], [ResourceIds]) VALUES (98, 3, CAST(0x00009E4D00000000 AS DateTime), N'93,4085', NULL)
INSERT [dbo].[tblSchedule] ([ScheduleId], [CourseId], [StartDate], [TrainerIds], [ResourceIds]) VALUES (99, 20, CAST(0x00009E6800000000 AS DateTime), N'93,2936', N'574,595')
INSERT [dbo].[tblSchedule] ([ScheduleId], [CourseId], [StartDate], [TrainerIds], [ResourceIds]) VALUES (100, 60, CAST(0x00009E6900000000 AS DateTime), N'93,3993', N'3,7')
GO
print 'Processed 100 total records'
INSERT [dbo].[tblSchedule] ([ScheduleId], [CourseId], [StartDate], [TrainerIds], [ResourceIds]) VALUES (101, 65, CAST(0x00009E6F00000000 AS DateTime), N'21,2936', N'3,7,293,595')
INSERT [dbo].[tblSchedule] ([ScheduleId], [CourseId], [StartDate], [TrainerIds], [ResourceIds]) VALUES (102, 64, CAST(0x00009E7000000000 AS DateTime), N'93', N'7,293,595')
INSERT [dbo].[tblSchedule] ([ScheduleId], [CourseId], [StartDate], [TrainerIds], [ResourceIds]) VALUES (103, 65, CAST(0x00009E7600000000 AS DateTime), N'1021', N'293,574')
INSERT [dbo].[tblSchedule] ([ScheduleId], [CourseId], [StartDate], [TrainerIds], [ResourceIds]) VALUES (104, 16, CAST(0x00009E7700000000 AS DateTime), N'2936,4085', N'3')
INSERT [dbo].[tblSchedule] ([ScheduleId], [CourseId], [StartDate], [TrainerIds], [ResourceIds]) VALUES (105, 58, CAST(0x00009E7D00000000 AS DateTime), N'1021,2936', N'7')
INSERT [dbo].[tblSchedule] ([ScheduleId], [CourseId], [StartDate], [TrainerIds], [ResourceIds]) VALUES (106, 51, CAST(0x00009E7E00000000 AS DateTime), N'21,4085', N'7,293,595,574')
INSERT [dbo].[tblSchedule] ([ScheduleId], [CourseId], [StartDate], [TrainerIds], [ResourceIds]) VALUES (107, 62, CAST(0x00009E8400000000 AS DateTime), N'21,3993', N'293,574')
INSERT [dbo].[tblSchedule] ([ScheduleId], [CourseId], [StartDate], [TrainerIds], [ResourceIds]) VALUES (108, 56, CAST(0x00009E8500000000 AS DateTime), N'21,2936', N'7')
INSERT [dbo].[tblSchedule] ([ScheduleId], [CourseId], [StartDate], [TrainerIds], [ResourceIds]) VALUES (109, 4, CAST(0x00009E8B00000000 AS DateTime), N'21', N'3,7')
INSERT [dbo].[tblSchedule] ([ScheduleId], [CourseId], [StartDate], [TrainerIds], [ResourceIds]) VALUES (110, 58, CAST(0x00009E8C00000000 AS DateTime), N'4085', N'7')
INSERT [dbo].[tblSchedule] ([ScheduleId], [CourseId], [StartDate], [TrainerIds], [ResourceIds]) VALUES (111, 34, CAST(0x00009E9200000000 AS DateTime), N'4085', N'595')
INSERT [dbo].[tblSchedule] ([ScheduleId], [CourseId], [StartDate], [TrainerIds], [ResourceIds]) VALUES (112, 61, CAST(0x00009E9300000000 AS DateTime), N'21,93', N'7,293,595')
INSERT [dbo].[tblSchedule] ([ScheduleId], [CourseId], [StartDate], [TrainerIds], [ResourceIds]) VALUES (113, 10, CAST(0x00009E9900000000 AS DateTime), N'3993', N'595')
INSERT [dbo].[tblSchedule] ([ScheduleId], [CourseId], [StartDate], [TrainerIds], [ResourceIds]) VALUES (114, 3, CAST(0x00009E9A00000000 AS DateTime), N'2936,3993', NULL)
INSERT [dbo].[tblSchedule] ([ScheduleId], [CourseId], [StartDate], [TrainerIds], [ResourceIds]) VALUES (115, 42, CAST(0x00009EA000000000 AS DateTime), N'3993', N'293,574,595')
INSERT [dbo].[tblSchedule] ([ScheduleId], [CourseId], [StartDate], [TrainerIds], [ResourceIds]) VALUES (116, 55, CAST(0x00009EA100000000 AS DateTime), N'21,93,1021', N'7,293,595')
INSERT [dbo].[tblSchedule] ([ScheduleId], [CourseId], [StartDate], [TrainerIds], [ResourceIds]) VALUES (117, 41, CAST(0x00009EA700000000 AS DateTime), N'93,2936', N'3,7')
INSERT [dbo].[tblSchedule] ([ScheduleId], [CourseId], [StartDate], [TrainerIds], [ResourceIds]) VALUES (118, 30, CAST(0x00009EA800000000 AS DateTime), N'4085', N'7')
INSERT [dbo].[tblSchedule] ([ScheduleId], [CourseId], [StartDate], [TrainerIds], [ResourceIds]) VALUES (119, 68, CAST(0x00009EAE00000000 AS DateTime), N'21,93,1021,2936,3993,4085', N'574')
INSERT [dbo].[tblSchedule] ([ScheduleId], [CourseId], [StartDate], [TrainerIds], [ResourceIds]) VALUES (120, 38, CAST(0x00009EAF00000000 AS DateTime), N'1021,2936', N'293')
INSERT [dbo].[tblSchedule] ([ScheduleId], [CourseId], [StartDate], [TrainerIds], [ResourceIds]) VALUES (121, 61, CAST(0x00009EB500000000 AS DateTime), N'93,1021', N'3,7,293,595,574')
INSERT [dbo].[tblSchedule] ([ScheduleId], [CourseId], [StartDate], [TrainerIds], [ResourceIds]) VALUES (122, 57, CAST(0x00009EB600000000 AS DateTime), N'93,4085', N'293,595')
INSERT [dbo].[tblSchedule] ([ScheduleId], [CourseId], [StartDate], [TrainerIds], [ResourceIds]) VALUES (123, 45, CAST(0x00009EBC00000000 AS DateTime), N'93,3993', N'7')
INSERT [dbo].[tblSchedule] ([ScheduleId], [CourseId], [StartDate], [TrainerIds], [ResourceIds]) VALUES (124, 56, CAST(0x00009EBD00000000 AS DateTime), N'2936,4085', N'7,293,595,574')
INSERT [dbo].[tblSchedule] ([ScheduleId], [CourseId], [StartDate], [TrainerIds], [ResourceIds]) VALUES (125, 32, CAST(0x00009EC300000000 AS DateTime), N'1021,3993', N'293,595')
INSERT [dbo].[tblSchedule] ([ScheduleId], [CourseId], [StartDate], [TrainerIds], [ResourceIds]) VALUES (126, 67, CAST(0x00009EC400000000 AS DateTime), N'93,4085', N'3')
INSERT [dbo].[tblSchedule] ([ScheduleId], [CourseId], [StartDate], [TrainerIds], [ResourceIds]) VALUES (127, 39, CAST(0x00009ECA00000000 AS DateTime), N'3993,4085', N'3,7,293')
INSERT [dbo].[tblSchedule] ([ScheduleId], [CourseId], [StartDate], [TrainerIds], [ResourceIds]) VALUES (128, 3, CAST(0x00009ECB00000000 AS DateTime), N'21,93,1021,2936,3993,4085', N'3,7')
INSERT [dbo].[tblSchedule] ([ScheduleId], [CourseId], [StartDate], [TrainerIds], [ResourceIds]) VALUES (129, 25, CAST(0x00009ED100000000 AS DateTime), N'1021,2936', N'595')
INSERT [dbo].[tblSchedule] ([ScheduleId], [CourseId], [StartDate], [TrainerIds], [ResourceIds]) VALUES (130, 52, CAST(0x00009ED200000000 AS DateTime), N'21,1021', N'3,293')
INSERT [dbo].[tblSchedule] ([ScheduleId], [CourseId], [StartDate], [TrainerIds], [ResourceIds]) VALUES (131, 68, CAST(0x00009ED800000000 AS DateTime), N'2936,3993,4085', N'3,293,574')
INSERT [dbo].[tblSchedule] ([ScheduleId], [CourseId], [StartDate], [TrainerIds], [ResourceIds]) VALUES (132, 37, CAST(0x00009ED900000000 AS DateTime), N'1021,3993', N'293')
INSERT [dbo].[tblSchedule] ([ScheduleId], [CourseId], [StartDate], [TrainerIds], [ResourceIds]) VALUES (133, 40, CAST(0x00009EDF00000000 AS DateTime), N'21,3993', N'293,574,595')
INSERT [dbo].[tblSchedule] ([ScheduleId], [CourseId], [StartDate], [TrainerIds], [ResourceIds]) VALUES (134, 10, CAST(0x00009EE000000000 AS DateTime), N'2936,3993,4085', N'3,293,574,595')
INSERT [dbo].[tblSchedule] ([ScheduleId], [CourseId], [StartDate], [TrainerIds], [ResourceIds]) VALUES (135, 49, CAST(0x00009EE600000000 AS DateTime), N'93,3993', N'7')
INSERT [dbo].[tblSchedule] ([ScheduleId], [CourseId], [StartDate], [TrainerIds], [ResourceIds]) VALUES (136, 20, CAST(0x00009EE700000000 AS DateTime), N'3993,4085', N'293,574,595')
INSERT [dbo].[tblSchedule] ([ScheduleId], [CourseId], [StartDate], [TrainerIds], [ResourceIds]) VALUES (137, 57, CAST(0x00009EED00000000 AS DateTime), N'93', N'3,7')
INSERT [dbo].[tblSchedule] ([ScheduleId], [CourseId], [StartDate], [TrainerIds], [ResourceIds]) VALUES (138, 7, CAST(0x00009EEE00000000 AS DateTime), N'93,2936', N'7,293,595,574')
INSERT [dbo].[tblSchedule] ([ScheduleId], [CourseId], [StartDate], [TrainerIds], [ResourceIds]) VALUES (139, 32, CAST(0x00009EF400000000 AS DateTime), N'93,4085', N'3,7')
INSERT [dbo].[tblSchedule] ([ScheduleId], [CourseId], [StartDate], [TrainerIds], [ResourceIds]) VALUES (140, 21, CAST(0x00009EF500000000 AS DateTime), N'1021,4085', N'293,595')
INSERT [dbo].[tblSchedule] ([ScheduleId], [CourseId], [StartDate], [TrainerIds], [ResourceIds]) VALUES (141, 28, CAST(0x00009EFB00000000 AS DateTime), N'1021,2936', N'3,7')
INSERT [dbo].[tblSchedule] ([ScheduleId], [CourseId], [StartDate], [TrainerIds], [ResourceIds]) VALUES (142, 50, CAST(0x00009EFC00000000 AS DateTime), N'3993', N'7')
INSERT [dbo].[tblSchedule] ([ScheduleId], [CourseId], [StartDate], [TrainerIds], [ResourceIds]) VALUES (143, 19, CAST(0x00009F0200000000 AS DateTime), N'21,93,1021,2936,3993,4085', N'3,293,574,595')
INSERT [dbo].[tblSchedule] ([ScheduleId], [CourseId], [StartDate], [TrainerIds], [ResourceIds]) VALUES (144, 15, CAST(0x00009F0300000000 AS DateTime), N'21,3993', N'3,7,293')
INSERT [dbo].[tblSchedule] ([ScheduleId], [CourseId], [StartDate], [TrainerIds], [ResourceIds]) VALUES (145, 5, CAST(0x00009F0900000000 AS DateTime), N'3993,4085', N'7,293')
INSERT [dbo].[tblSchedule] ([ScheduleId], [CourseId], [StartDate], [TrainerIds], [ResourceIds]) VALUES (146, 10, CAST(0x00009F0A00000000 AS DateTime), N'93,2936', N'3,293,595')
INSERT [dbo].[tblSchedule] ([ScheduleId], [CourseId], [StartDate], [TrainerIds], [ResourceIds]) VALUES (147, 4, CAST(0x00009F1000000000 AS DateTime), N'93,4085', N'3,7,293,595,574')
INSERT [dbo].[tblSchedule] ([ScheduleId], [CourseId], [StartDate], [TrainerIds], [ResourceIds]) VALUES (148, 65, CAST(0x00009F1100000000 AS DateTime), N'2936,4085', N'3,7,293')
INSERT [dbo].[tblSchedule] ([ScheduleId], [CourseId], [StartDate], [TrainerIds], [ResourceIds]) VALUES (149, 51, CAST(0x00009F1700000000 AS DateTime), N'93', N'574,595')
INSERT [dbo].[tblSchedule] ([ScheduleId], [CourseId], [StartDate], [TrainerIds], [ResourceIds]) VALUES (150, 6, CAST(0x00009F1800000000 AS DateTime), N'21,1021', N'574')
INSERT [dbo].[tblSchedule] ([ScheduleId], [CourseId], [StartDate], [TrainerIds], [ResourceIds]) VALUES (151, 7, CAST(0x00009F1F00000000 AS DateTime), N'93,4085', N'293')
INSERT [dbo].[tblSchedule] ([ScheduleId], [CourseId], [StartDate], [TrainerIds], [ResourceIds]) VALUES (152, 61, CAST(0x00009F2500000000 AS DateTime), N'2936,4085', N'3,7,293,595,574')
INSERT [dbo].[tblSchedule] ([ScheduleId], [CourseId], [StartDate], [TrainerIds], [ResourceIds]) VALUES (153, 69, CAST(0x00009F2600000000 AS DateTime), N'2936,3993,4085', N'574,595')
INSERT [dbo].[tblSchedule] ([ScheduleId], [CourseId], [StartDate], [TrainerIds], [ResourceIds]) VALUES (154, 30, CAST(0x00009F2C00000000 AS DateTime), N'93,2936', N'293,595')
INSERT [dbo].[tblSchedule] ([ScheduleId], [CourseId], [StartDate], [TrainerIds], [ResourceIds]) VALUES (155, 69, CAST(0x00009F2D00000000 AS DateTime), N'1021', N'3,293')
INSERT [dbo].[tblSchedule] ([ScheduleId], [CourseId], [StartDate], [TrainerIds], [ResourceIds]) VALUES (156, 66, CAST(0x00009F3300000000 AS DateTime), N'2936,3993,4085', N'595')
INSERT [dbo].[tblSchedule] ([ScheduleId], [CourseId], [StartDate], [TrainerIds], [ResourceIds]) VALUES (157, 11, CAST(0x00009F3400000000 AS DateTime), N'2936', N'293,595')
INSERT [dbo].[tblSchedule] ([ScheduleId], [CourseId], [StartDate], [TrainerIds], [ResourceIds]) VALUES (158, 57, CAST(0x00009F3A00000000 AS DateTime), N'3993', N'7,293')
INSERT [dbo].[tblSchedule] ([ScheduleId], [CourseId], [StartDate], [TrainerIds], [ResourceIds]) VALUES (159, 66, CAST(0x00009F3B00000000 AS DateTime), N'21,93,1021,2936,3993,4085', N'3,293,595')
INSERT [dbo].[tblSchedule] ([ScheduleId], [CourseId], [StartDate], [TrainerIds], [ResourceIds]) VALUES (160, 51, CAST(0x00009F4100000000 AS DateTime), N'1021', N'293,574')
INSERT [dbo].[tblSchedule] ([ScheduleId], [CourseId], [StartDate], [TrainerIds], [ResourceIds]) VALUES (161, 8, CAST(0x00009F4200000000 AS DateTime), N'21,4085', N'293')
INSERT [dbo].[tblSchedule] ([ScheduleId], [CourseId], [StartDate], [TrainerIds], [ResourceIds]) VALUES (162, 47, CAST(0x00009F4800000000 AS DateTime), N'21,93,1021,2936,3993,4085', N'3,7,293,595,574')
INSERT [dbo].[tblSchedule] ([ScheduleId], [CourseId], [StartDate], [TrainerIds], [ResourceIds]) VALUES (163, 31, CAST(0x00009F4900000000 AS DateTime), N'21,93', N'574,595')
INSERT [dbo].[tblSchedule] ([ScheduleId], [CourseId], [StartDate], [TrainerIds], [ResourceIds]) VALUES (164, 16, CAST(0x00009F4F00000000 AS DateTime), N'1021,3993', N'293,574')
INSERT [dbo].[tblSchedule] ([ScheduleId], [CourseId], [StartDate], [TrainerIds], [ResourceIds]) VALUES (165, 64, CAST(0x00009F5000000000 AS DateTime), N'93,1021', N'3,293,595')
INSERT [dbo].[tblSchedule] ([ScheduleId], [CourseId], [StartDate], [TrainerIds], [ResourceIds]) VALUES (166, 53, CAST(0x00009F5600000000 AS DateTime), N'93,1021', N'3,7,293')
INSERT [dbo].[tblSchedule] ([ScheduleId], [CourseId], [StartDate], [TrainerIds], [ResourceIds]) VALUES (167, 2, CAST(0x00009F5700000000 AS DateTime), N'21,3993', N'574')
INSERT [dbo].[tblSchedule] ([ScheduleId], [CourseId], [StartDate], [TrainerIds], [ResourceIds]) VALUES (168, 26, CAST(0x00009F5D00000000 AS DateTime), N'93', N'574,595')
INSERT [dbo].[tblSchedule] ([ScheduleId], [CourseId], [StartDate], [TrainerIds], [ResourceIds]) VALUES (169, 67, CAST(0x00009F5E00000000 AS DateTime), N'2936,3993', N'293,574,595')
INSERT [dbo].[tblSchedule] ([ScheduleId], [CourseId], [StartDate], [TrainerIds], [ResourceIds]) VALUES (170, 56, CAST(0x00009F6400000000 AS DateTime), N'2936,3993,4085', N'7,293,595,574')
INSERT [dbo].[tblSchedule] ([ScheduleId], [CourseId], [StartDate], [TrainerIds], [ResourceIds]) VALUES (171, 45, CAST(0x00009F6500000000 AS DateTime), N'1021', N'7,293,595,574')
INSERT [dbo].[tblSchedule] ([ScheduleId], [CourseId], [StartDate], [TrainerIds], [ResourceIds]) VALUES (172, 45, CAST(0x00009F6B00000000 AS DateTime), N'21,3993', N'3')
INSERT [dbo].[tblSchedule] ([ScheduleId], [CourseId], [StartDate], [TrainerIds], [ResourceIds]) VALUES (173, 54, CAST(0x00009F6C00000000 AS DateTime), N'21,93,1021', N'3,7,293')
INSERT [dbo].[tblSchedule] ([ScheduleId], [CourseId], [StartDate], [TrainerIds], [ResourceIds]) VALUES (174, 52, CAST(0x00009F7200000000 AS DateTime), N'1021,3993', N'574')
INSERT [dbo].[tblSchedule] ([ScheduleId], [CourseId], [StartDate], [TrainerIds], [ResourceIds]) VALUES (175, 45, CAST(0x00009F7300000000 AS DateTime), N'21,2936', N'3,7')
INSERT [dbo].[tblSchedule] ([ScheduleId], [CourseId], [StartDate], [TrainerIds], [ResourceIds]) VALUES (176, 58, CAST(0x00009F7900000000 AS DateTime), N'21', N'3,293,595')
INSERT [dbo].[tblSchedule] ([ScheduleId], [CourseId], [StartDate], [TrainerIds], [ResourceIds]) VALUES (177, 5, CAST(0x00009F7A00000000 AS DateTime), N'21,3993', N'293,574')
INSERT [dbo].[tblSchedule] ([ScheduleId], [CourseId], [StartDate], [TrainerIds], [ResourceIds]) VALUES (178, 14, CAST(0x00009F8000000000 AS DateTime), N'93,3993', N'3,7')
INSERT [dbo].[tblSchedule] ([ScheduleId], [CourseId], [StartDate], [TrainerIds], [ResourceIds]) VALUES (179, 40, CAST(0x00009F8100000000 AS DateTime), N'21,4085', N'3,293,574,595')
INSERT [dbo].[tblSchedule] ([ScheduleId], [CourseId], [StartDate], [TrainerIds], [ResourceIds]) VALUES (180, 56, CAST(0x00009F8700000000 AS DateTime), N'1021,2936', N'293')
INSERT [dbo].[tblSchedule] ([ScheduleId], [CourseId], [StartDate], [TrainerIds], [ResourceIds]) VALUES (181, 10, CAST(0x00009F8800000000 AS DateTime), N'21,93', N'3,293,574')
INSERT [dbo].[tblSchedule] ([ScheduleId], [CourseId], [StartDate], [TrainerIds], [ResourceIds]) VALUES (182, 4, CAST(0x00009F8E00000000 AS DateTime), N'2936,3993', N'7,293,595,574')
INSERT [dbo].[tblSchedule] ([ScheduleId], [CourseId], [StartDate], [TrainerIds], [ResourceIds]) VALUES (183, 65, CAST(0x00009F8F00000000 AS DateTime), N'3993', N'7')
INSERT [dbo].[tblSchedule] ([ScheduleId], [CourseId], [StartDate], [TrainerIds], [ResourceIds]) VALUES (184, 56, CAST(0x00009F9500000000 AS DateTime), N'3993,4085', N'3,293')
INSERT [dbo].[tblSchedule] ([ScheduleId], [CourseId], [StartDate], [TrainerIds], [ResourceIds]) VALUES (185, 58, CAST(0x00009F9600000000 AS DateTime), N'93,2936', N'7,293')
INSERT [dbo].[tblSchedule] ([ScheduleId], [CourseId], [StartDate], [TrainerIds], [ResourceIds]) VALUES (186, 6, CAST(0x00009F9C00000000 AS DateTime), N'3993', N'7,293')
INSERT [dbo].[tblSchedule] ([ScheduleId], [CourseId], [StartDate], [TrainerIds], [ResourceIds]) VALUES (187, 34, CAST(0x00009F9D00000000 AS DateTime), N'2936,3993,4085', N'7,293,595')
INSERT [dbo].[tblSchedule] ([ScheduleId], [CourseId], [StartDate], [TrainerIds], [ResourceIds]) VALUES (188, 18, CAST(0x00009FA300000000 AS DateTime), N'4085', N'574,595')
INSERT [dbo].[tblSchedule] ([ScheduleId], [CourseId], [StartDate], [TrainerIds], [ResourceIds]) VALUES (189, 47, CAST(0x00009FA400000000 AS DateTime), N'4085', N'3,7,293,595,574')
INSERT [dbo].[tblSchedule] ([ScheduleId], [CourseId], [StartDate], [TrainerIds], [ResourceIds]) VALUES (190, 1, CAST(0x00009FAA00000000 AS DateTime), N'2936,4085', N'293,574,595')
INSERT [dbo].[tblSchedule] ([ScheduleId], [CourseId], [StartDate], [TrainerIds], [ResourceIds]) VALUES (191, 42, CAST(0x00009FAB00000000 AS DateTime), N'2936', NULL)
INSERT [dbo].[tblSchedule] ([ScheduleId], [CourseId], [StartDate], [TrainerIds], [ResourceIds]) VALUES (192, 50, CAST(0x00009FB100000000 AS DateTime), N'21,93', N'3,293,574,595')
INSERT [dbo].[tblSchedule] ([ScheduleId], [CourseId], [StartDate], [TrainerIds], [ResourceIds]) VALUES (193, 19, CAST(0x00009FB200000000 AS DateTime), N'21,4085', N'7')
INSERT [dbo].[tblSchedule] ([ScheduleId], [CourseId], [StartDate], [TrainerIds], [ResourceIds]) VALUES (194, 21, CAST(0x00009FB800000000 AS DateTime), N'2936,3993,4085', N'3,293')
INSERT [dbo].[tblSchedule] ([ScheduleId], [CourseId], [StartDate], [TrainerIds], [ResourceIds]) VALUES (195, 33, CAST(0x00009FB900000000 AS DateTime), N'93,1021', N'293,595')
SET IDENTITY_INSERT [dbo].[tblSchedule] OFF
/****** Object:  Table [dbo].[tblOrg]    Script Date: 02/08/2010 09:47:28 ******/
SET ANSI_NULLS ON
GO
SET QUOTED_IDENTIFIER ON
GO
CREATE TABLE [dbo].[tblOrg](
	[OrgId] [int] IDENTITY(1,1) NOT NULL,
	[OrgName] [nvarchar](100) NULL,
	[OrgStatusId] [int] NULL,
	[SectorId] [int] NULL,
	[DateAdded] [datetime] NULL,
 CONSTRAINT [PK_tblOrg] PRIMARY KEY CLUSTERED 
(
	[OrgId] ASC
)WITH (PAD_INDEX  = OFF, STATISTICS_NORECOMPUTE  = OFF, IGNORE_DUP_KEY = OFF, ALLOW_ROW_LOCKS  = ON, ALLOW_PAGE_LOCKS  = ON) ON [PRIMARY]
) ON [PRIMARY]
GO
SET IDENTITY_INSERT [dbo].[tblOrg] ON
INSERT [dbo].[tblOrg] ([OrgId], [OrgName], [OrgStatusId], [SectorId], [DateAdded]) VALUES (1, N'Lloyds', 1, 2525, CAST(0x00009D0C00A8DE68 AS DateTime))
INSERT [dbo].[tblOrg] ([OrgId], [OrgName], [OrgStatusId], [SectorId], [DateAdded]) VALUES (2, N'Initial Hygiene', 1, 2527, CAST(0x00009D0C00A8DE68 AS DateTime))
INSERT [dbo].[tblOrg] ([OrgId], [OrgName], [OrgStatusId], [SectorId], [DateAdded]) VALUES (3, N'Rolls-Royce plc', 1, 2529, CAST(0x00009D0C00A8DE68 AS DateTime))
INSERT [dbo].[tblOrg] ([OrgId], [OrgName], [OrgStatusId], [SectorId], [DateAdded]) VALUES (4, N'Capita', 1, 2541, CAST(0x00009D0C00A8DE68 AS DateTime))
INSERT [dbo].[tblOrg] ([OrgId], [OrgName], [OrgStatusId], [SectorId], [DateAdded]) VALUES (5, N'The Compass Group', 1, 2528, CAST(0x00009D0C00A8DE68 AS DateTime))
INSERT [dbo].[tblOrg] ([OrgId], [OrgName], [OrgStatusId], [SectorId], [DateAdded]) VALUES (6, N'Unilever Europe IT', 1, 2532, CAST(0x00009D0C00A8DE68 AS DateTime))
INSERT [dbo].[tblOrg] ([OrgId], [OrgName], [OrgStatusId], [SectorId], [DateAdded]) VALUES (7, N'Standard Life', 1, 2525, CAST(0x00009D0C00A8DE68 AS DateTime))
INSERT [dbo].[tblOrg] ([OrgId], [OrgName], [OrgStatusId], [SectorId], [DateAdded]) VALUES (8, N'BP', 1, 2532, CAST(0x00009D0C00A8DE68 AS DateTime))
INSERT [dbo].[tblOrg] ([OrgId], [OrgName], [OrgStatusId], [SectorId], [DateAdded]) VALUES (9, N'Reed Managed Services', 1, 2541, CAST(0x00009D0C00A8DE68 AS DateTime))
INSERT [dbo].[tblOrg] ([OrgId], [OrgName], [OrgStatusId], [SectorId], [DateAdded]) VALUES (10, N'Capita Software Services', 1, 2536, CAST(0x00009D0C00A8DE68 AS DateTime))
INSERT [dbo].[tblOrg] ([OrgId], [OrgName], [OrgStatusId], [SectorId], [DateAdded]) VALUES (11, N'First Choice Airways', 1, 2537, CAST(0x00009D0C00A8DE68 AS DateTime))
INSERT [dbo].[tblOrg] ([OrgId], [OrgName], [OrgStatusId], [SectorId], [DateAdded]) VALUES (12, N'BHP Billiton Petroleum Ltd.', 1, 2523, CAST(0x00009D0C00A8DE68 AS DateTime))
INSERT [dbo].[tblOrg] ([OrgId], [OrgName], [OrgStatusId], [SectorId], [DateAdded]) VALUES (13, N'Cable & Wireless', 1, 2536, CAST(0x00009D0C00A8DE68 AS DateTime))
INSERT [dbo].[tblOrg] ([OrgId], [OrgName], [OrgStatusId], [SectorId], [DateAdded]) VALUES (14, N'Royal Bank of Scotland', 1, 2525, CAST(0x00009D0C00A8DE68 AS DateTime))
INSERT [dbo].[tblOrg] ([OrgId], [OrgName], [OrgStatusId], [SectorId], [DateAdded]) VALUES (15, N'Rexam Beverage Can Services Ltd', 1, 2529, CAST(0x00009D0C00A8DE68 AS DateTime))
INSERT [dbo].[tblOrg] ([OrgId], [OrgName], [OrgStatusId], [SectorId], [DateAdded]) VALUES (16, N'British Energy', 1, 2532, CAST(0x00009D0C00A8DE68 AS DateTime))
INSERT [dbo].[tblOrg] ([OrgId], [OrgName], [OrgStatusId], [SectorId], [DateAdded]) VALUES (17, N'Prudential plc', 1, 2525, CAST(0x00009D0C00A8DE68 AS DateTime))
INSERT [dbo].[tblOrg] ([OrgId], [OrgName], [OrgStatusId], [SectorId], [DateAdded]) VALUES (18, N'Diageo', 1, 2526, CAST(0x00009D0C00A8DE68 AS DateTime))
INSERT [dbo].[tblOrg] ([OrgId], [OrgName], [OrgStatusId], [SectorId], [DateAdded]) VALUES (19, N'Scottish Courage Ltd', 1, 2526, CAST(0x00009D0C00A8DE68 AS DateTime))
INSERT [dbo].[tblOrg] ([OrgId], [OrgName], [OrgStatusId], [SectorId], [DateAdded]) VALUES (20, N'ABN  Amro', 1, 2525, CAST(0x00009D0C00A8DE68 AS DateTime))
INSERT [dbo].[tblOrg] ([OrgId], [OrgName], [OrgStatusId], [SectorId], [DateAdded]) VALUES (21, N'Smiths Group', 1, 2529, CAST(0x00009D0C00A8DE68 AS DateTime))
INSERT [dbo].[tblOrg] ([OrgId], [OrgName], [OrgStatusId], [SectorId], [DateAdded]) VALUES (22, N'Primark', 1, 2535, CAST(0x00009D0C00A8DE68 AS DateTime))
INSERT [dbo].[tblOrg] ([OrgId], [OrgName], [OrgStatusId], [SectorId], [DateAdded]) VALUES (23, N'Transco Metering', 1, 2532, CAST(0x00009D0C00A8DE68 AS DateTime))
INSERT [dbo].[tblOrg] ([OrgId], [OrgName], [OrgStatusId], [SectorId], [DateAdded]) VALUES (24, N'Scottish and Southern Energy plc', 1, 2538, CAST(0x00009D0C00A8DE68 AS DateTime))
INSERT [dbo].[tblOrg] ([OrgId], [OrgName], [OrgStatusId], [SectorId], [DateAdded]) VALUES (25, N'Smith & Nephew', 1, 2527, CAST(0x00009D0C00A8DE68 AS DateTime))
INSERT [dbo].[tblOrg] ([OrgId], [OrgName], [OrgStatusId], [SectorId], [DateAdded]) VALUES (26, N'Centrica Ltd.', 1, 2532, CAST(0x00009D0C00A8DE68 AS DateTime))
INSERT [dbo].[tblOrg] ([OrgId], [OrgName], [OrgStatusId], [SectorId], [DateAdded]) VALUES (27, N'Scottish Widows Plc', 1, 2525, CAST(0x00009D0C00A8DE68 AS DateTime))
INSERT [dbo].[tblOrg] ([OrgId], [OrgName], [OrgStatusId], [SectorId], [DateAdded]) VALUES (28, N'Halifax plc', 1, 2525, CAST(0x00009D0C00A8DE68 AS DateTime))
INSERT [dbo].[tblOrg] ([OrgId], [OrgName], [OrgStatusId], [SectorId], [DateAdded]) VALUES (29, N'Eurotherm Ltd.', 1, 2529, CAST(0x00009D0C00A8DE68 AS DateTime))
INSERT [dbo].[tblOrg] ([OrgId], [OrgName], [OrgStatusId], [SectorId], [DateAdded]) VALUES (30, N'M&S Money', 1, 2525, CAST(0x00009D0C00A8DE68 AS DateTime))
INSERT [dbo].[tblOrg] ([OrgId], [OrgName], [OrgStatusId], [SectorId], [DateAdded]) VALUES (31, N'Airtricity', 1, 2538, CAST(0x00009D0C00A8DE68 AS DateTime))
INSERT [dbo].[tblOrg] ([OrgId], [OrgName], [OrgStatusId], [SectorId], [DateAdded]) VALUES (32, N'Capita TV Licensing', 1, 2530, CAST(0x00009D0C00A8DE68 AS DateTime))
INSERT [dbo].[tblOrg] ([OrgId], [OrgName], [OrgStatusId], [SectorId], [DateAdded]) VALUES (33, N'Severn Trent', 1, 2538, CAST(0x00009D0C00A8DE68 AS DateTime))
INSERT [dbo].[tblOrg] ([OrgId], [OrgName], [OrgStatusId], [SectorId], [DateAdded]) VALUES (34, N'Royal Sun Alliance', 1, 2525, CAST(0x00009D0C00A8DE68 AS DateTime))
INSERT [dbo].[tblOrg] ([OrgId], [OrgName], [OrgStatusId], [SectorId], [DateAdded]) VALUES (35, N'AMEC NNC Limited', 1, 2532, CAST(0x00009D0C00A8DE68 AS DateTime))
INSERT [dbo].[tblOrg] ([OrgId], [OrgName], [OrgStatusId], [SectorId], [DateAdded]) VALUES (36, N'Barclays Services Dublin Limited', 1, 2525, CAST(0x00009D0C00A8DE68 AS DateTime))
INSERT [dbo].[tblOrg] ([OrgId], [OrgName], [OrgStatusId], [SectorId], [DateAdded]) VALUES (37, N'Aviva', 1, 2525, CAST(0x00009D0C00A8DE68 AS DateTime))
INSERT [dbo].[tblOrg] ([OrgId], [OrgName], [OrgStatusId], [SectorId], [DateAdded]) VALUES (38, N'Shell International E&P', 1, 2532, CAST(0x00009D0C00A8DE68 AS DateTime))
INSERT [dbo].[tblOrg] ([OrgId], [OrgName], [OrgStatusId], [SectorId], [DateAdded]) VALUES (39, N'Initial Washroom Solutions', 1, 2527, CAST(0x00009D0C00A8DE68 AS DateTime))
INSERT [dbo].[tblOrg] ([OrgId], [OrgName], [OrgStatusId], [SectorId], [DateAdded]) VALUES (40, N'Reed Learning', 1, 2524, CAST(0x00009D0C00A8DE68 AS DateTime))
INSERT [dbo].[tblOrg] ([OrgId], [OrgName], [OrgStatusId], [SectorId], [DateAdded]) VALUES (41, N'HBOS plc', 1, 2525, CAST(0x00009D0C00A8DE68 AS DateTime))
INSERT [dbo].[tblOrg] ([OrgId], [OrgName], [OrgStatusId], [SectorId], [DateAdded]) VALUES (42, N'RBS Insurance', 1, 2525, CAST(0x00009D0C00A8DE68 AS DateTime))
INSERT [dbo].[tblOrg] ([OrgId], [OrgName], [OrgStatusId], [SectorId], [DateAdded]) VALUES (43, N'Friends Provident', 1, 2525, CAST(0x00009D0C00A8DE68 AS DateTime))
INSERT [dbo].[tblOrg] ([OrgId], [OrgName], [OrgStatusId], [SectorId], [DateAdded]) VALUES (44, N'Kingfisher plc', 1, 2535, CAST(0x00009D0C00A8DE68 AS DateTime))
INSERT [dbo].[tblOrg] ([OrgId], [OrgName], [OrgStatusId], [SectorId], [DateAdded]) VALUES (45, N'ABN AMRO NV', 1, 2525, CAST(0x00009D0C00A8DE68 AS DateTime))
INSERT [dbo].[tblOrg] ([OrgId], [OrgName], [OrgStatusId], [SectorId], [DateAdded]) VALUES (46, N'G4S cash Centre', 1, 2525, CAST(0x00009D0C00A8DE68 AS DateTime))
INSERT [dbo].[tblOrg] ([OrgId], [OrgName], [OrgStatusId], [SectorId], [DateAdded]) VALUES (47, N'Engineering Maintenance Services', 1, 2529, CAST(0x00009D0C00A8DE68 AS DateTime))
INSERT [dbo].[tblOrg] ([OrgId], [OrgName], [OrgStatusId], [SectorId], [DateAdded]) VALUES (48, N'SAB Miller plc', 1, 2526, CAST(0x00009D0C00A8DE68 AS DateTime))
INSERT [dbo].[tblOrg] ([OrgId], [OrgName], [OrgStatusId], [SectorId], [DateAdded]) VALUES (49, N'Financial Times', 1, 2530, CAST(0x00009D0C00A8DE68 AS DateTime))
INSERT [dbo].[tblOrg] ([OrgId], [OrgName], [OrgStatusId], [SectorId], [DateAdded]) VALUES (50, N'BT plc', 1, 2538, CAST(0x00009D0C00A8DE68 AS DateTime))
INSERT [dbo].[tblOrg] ([OrgId], [OrgName], [OrgStatusId], [SectorId], [DateAdded]) VALUES (51, N'First Group Property', 1, 2523, CAST(0x00009D0C00A8DE68 AS DateTime))
INSERT [dbo].[tblOrg] ([OrgId], [OrgName], [OrgStatusId], [SectorId], [DateAdded]) VALUES (52, N'Petrofac Faciities Management', 1, 2532, CAST(0x00009D0C00A8DE68 AS DateTime))
INSERT [dbo].[tblOrg] ([OrgId], [OrgName], [OrgStatusId], [SectorId], [DateAdded]) VALUES (53, N'Barclays Bank', 1, 2525, CAST(0x00009D0C00A8DE68 AS DateTime))
INSERT [dbo].[tblOrg] ([OrgId], [OrgName], [OrgStatusId], [SectorId], [DateAdded]) VALUES (54, N'BAE Systems', 1, 2529, CAST(0x00009D0C00A8DE68 AS DateTime))
INSERT [dbo].[tblOrg] ([OrgId], [OrgName], [OrgStatusId], [SectorId], [DateAdded]) VALUES (55, N'Schroders', 1, 2525, CAST(0x00009D0C00A8DE68 AS DateTime))
INSERT [dbo].[tblOrg] ([OrgId], [OrgName], [OrgStatusId], [SectorId], [DateAdded]) VALUES (56, N'Stagecoach Manchester', 1, 2537, CAST(0x00009D0C00A8DE68 AS DateTime))
INSERT [dbo].[tblOrg] ([OrgId], [OrgName], [OrgStatusId], [SectorId], [DateAdded]) VALUES (57, N'Radius Systems', 1, 2529, CAST(0x00009D0C00A8DE68 AS DateTime))
INSERT [dbo].[tblOrg] ([OrgId], [OrgName], [OrgStatusId], [SectorId], [DateAdded]) VALUES (58, N'Bunzl Retail Supplies', 1, 2529, CAST(0x00009D0C00A8DE68 AS DateTime))
INSERT [dbo].[tblOrg] ([OrgId], [OrgName], [OrgStatusId], [SectorId], [DateAdded]) VALUES (59, N'HSBC Bank plc', 1, 2525, CAST(0x00009D0C00A8DE68 AS DateTime))
INSERT [dbo].[tblOrg] ([OrgId], [OrgName], [OrgStatusId], [SectorId], [DateAdded]) VALUES (60, N'BAE Land Systems ', 1, 2529, CAST(0x00009D0C00A8DE68 AS DateTime))
INSERT [dbo].[tblOrg] ([OrgId], [OrgName], [OrgStatusId], [SectorId], [DateAdded]) VALUES (61, N'HBOS/Lex Vehicle Finance', 1, 2537, CAST(0x00009D0C00A8DE68 AS DateTime))
INSERT [dbo].[tblOrg] ([OrgId], [OrgName], [OrgStatusId], [SectorId], [DateAdded]) VALUES (62, N'Unilever Research Ltd.', 1, 2532, CAST(0x00009D0C00A8DE68 AS DateTime))
INSERT [dbo].[tblOrg] ([OrgId], [OrgName], [OrgStatusId], [SectorId], [DateAdded]) VALUES (63, N'Astra Zeneca', 1, 2533, CAST(0x00009D0C00A8DE68 AS DateTime))
INSERT [dbo].[tblOrg] ([OrgId], [OrgName], [OrgStatusId], [SectorId], [DateAdded]) VALUES (64, N'Shell UK', 1, 2532, CAST(0x00009D0C00A8DE68 AS DateTime))
INSERT [dbo].[tblOrg] ([OrgId], [OrgName], [OrgStatusId], [SectorId], [DateAdded]) VALUES (65, N'United Utilities plc', 1, 2538, CAST(0x00009D0C00A8DE68 AS DateTime))
INSERT [dbo].[tblOrg] ([OrgId], [OrgName], [OrgStatusId], [SectorId], [DateAdded]) VALUES (66, N'GlaxoSmithKline', 1, 2533, CAST(0x00009D0C00A8DE68 AS DateTime))
INSERT [dbo].[tblOrg] ([OrgId], [OrgName], [OrgStatusId], [SectorId], [DateAdded]) VALUES (67, N'Lloyds TSB plc', 1, 2525, CAST(0x00009D0C00A8DE68 AS DateTime))
INSERT [dbo].[tblOrg] ([OrgId], [OrgName], [OrgStatusId], [SectorId], [DateAdded]) VALUES (68, N'Land Securities Trillium', 1, 2523, CAST(0x00009D0C00A8DE68 AS DateTime))
INSERT [dbo].[tblOrg] ([OrgId], [OrgName], [OrgStatusId], [SectorId], [DateAdded]) VALUES (69, N'Reuters UK Ltd', 1, 2530, CAST(0x00009D0C00A8DE68 AS DateTime))
INSERT [dbo].[tblOrg] ([OrgId], [OrgName], [OrgStatusId], [SectorId], [DateAdded]) VALUES (70, N'BT Expedite', 1, 2536, CAST(0x00009D0C00A8DE68 AS DateTime))
INSERT [dbo].[tblOrg] ([OrgId], [OrgName], [OrgStatusId], [SectorId], [DateAdded]) VALUES (71, N'Bank of Scotland', 1, 2525, CAST(0x00009D0C00A8DE68 AS DateTime))
INSERT [dbo].[tblOrg] ([OrgId], [OrgName], [OrgStatusId], [SectorId], [DateAdded]) VALUES (72, N'Alliance & Leicester', 1, 2525, CAST(0x00009D0C00A8DE68 AS DateTime))
INSERT [dbo].[tblOrg] ([OrgId], [OrgName], [OrgStatusId], [SectorId], [DateAdded]) VALUES (73, N'BT Wholesale', 1, 2538, CAST(0x00009D0C00A8DE68 AS DateTime))
INSERT [dbo].[tblOrg] ([OrgId], [OrgName], [OrgStatusId], [SectorId], [DateAdded]) VALUES (74, N'Enron', 2, 2538, CAST(0x00009D0C00A8DE68 AS DateTime))
INSERT [dbo].[tblOrg] ([OrgId], [OrgName], [OrgStatusId], [SectorId], [DateAdded]) VALUES (75, N'Lehman Brothers', 2, 2525, CAST(0x00009D0C00A8DE68 AS DateTime))
INSERT [dbo].[tblOrg] ([OrgId], [OrgName], [OrgStatusId], [SectorId], [DateAdded]) VALUES (76, N'BCCI', 2, 2525, CAST(0x00009D0C00A8DE68 AS DateTime))
SET IDENTITY_INSERT [dbo].[tblOrg] OFF
/****** Object:  Table [dbo].[tblPerson]    Script Date: 02/08/2010 09:47:28 ******/
SET ANSI_NULLS ON
GO
SET QUOTED_IDENTIFIER ON
GO
CREATE TABLE [dbo].[tblPerson](
	[Personid] [int] IDENTITY(1,1) NOT NULL,
	[OrgId] [int] NULL,
	[FirstName] [nvarchar](50) NULL,
	[LastName] [nvarchar](50) NULL,
	[Department] [nvarchar](100) NULL,
	[PersonStatusId] [int] NULL,
 CONSTRAINT [aaaaatblPerson_PK] PRIMARY KEY NONCLUSTERED 
(
	[Personid] ASC
)WITH (PAD_INDEX  = OFF, STATISTICS_NORECOMPUTE  = OFF, IGNORE_DUP_KEY = OFF, ALLOW_ROW_LOCKS  = ON, ALLOW_PAGE_LOCKS  = ON, FILLFACTOR = 90) ON [PRIMARY]
) ON [PRIMARY]
GO
SET IDENTITY_INSERT [dbo].[tblPerson] ON
INSERT [dbo].[tblPerson] ([Personid], [OrgId], [FirstName], [LastName], [Department], [PersonStatusId]) VALUES (1, 35, N'Arun', N'Woodley', N'Sales', 1)
INSERT [dbo].[tblPerson] ([Personid], [OrgId], [FirstName], [LastName], [Department], [PersonStatusId]) VALUES (2, 41, N'Melva', N'Gisbourne', N'Sales', 1)
INSERT [dbo].[tblPerson] ([Personid], [OrgId], [FirstName], [LastName], [Department], [PersonStatusId]) VALUES (3, 12, N'Narender', N'Campion', N'Computing', 1)
INSERT [dbo].[tblPerson] ([Personid], [OrgId], [FirstName], [LastName], [Department], [PersonStatusId]) VALUES (4, 40, N'Jilly', N'Coffey', N'Finance', 1)
INSERT [dbo].[tblPerson] ([Personid], [OrgId], [FirstName], [LastName], [Department], [PersonStatusId]) VALUES (5, 10, N'Anne-Laure', N'Webborn', N'Sales', 1)
INSERT [dbo].[tblPerson] ([Personid], [OrgId], [FirstName], [LastName], [Department], [PersonStatusId]) VALUES (6, 56, N'Morgan', N'Hale', N'Reprographics', 2)
INSERT [dbo].[tblPerson] ([Personid], [OrgId], [FirstName], [LastName], [Department], [PersonStatusId]) VALUES (7, 52, N'Joelle', N'Gittins', N'Special', 1)
INSERT [dbo].[tblPerson] ([Personid], [OrgId], [FirstName], [LastName], [Department], [PersonStatusId]) VALUES (8, 64, N'Sope', N'Crookes', N'Personnel', 1)
INSERT [dbo].[tblPerson] ([Personid], [OrgId], [FirstName], [LastName], [Department], [PersonStatusId]) VALUES (9, 62, N'Johnny', N'Rodrigues', N'Personnel', 2)
INSERT [dbo].[tblPerson] ([Personid], [OrgId], [FirstName], [LastName], [Department], [PersonStatusId]) VALUES (11, 50, N'Hedd', N'Bapodra', N'Computing', 1)
INSERT [dbo].[tblPerson] ([Personid], [OrgId], [FirstName], [LastName], [Department], [PersonStatusId]) VALUES (12, 26, N'Alpesh', N'Mildwaters', N'Finance', 1)
INSERT [dbo].[tblPerson] ([Personid], [OrgId], [FirstName], [LastName], [Department], [PersonStatusId]) VALUES (13, 50, N'Helen', N'Richter', N'Reprographics', 1)
INSERT [dbo].[tblPerson] ([Personid], [OrgId], [FirstName], [LastName], [Department], [PersonStatusId]) VALUES (14, 39, N'Nathalie', N'Jerman', N'Special', 1)
INSERT [dbo].[tblPerson] ([Personid], [OrgId], [FirstName], [LastName], [Department], [PersonStatusId]) VALUES (15, 41, N'Huw', N'Cardno', N'Computing', 2)
INSERT [dbo].[tblPerson] ([Personid], [OrgId], [FirstName], [LastName], [Department], [PersonStatusId]) VALUES (16, 74, N'Pippa', N'Anderson', N'Reprographics', 1)
INSERT [dbo].[tblPerson] ([Personid], [OrgId], [FirstName], [LastName], [Department], [PersonStatusId]) VALUES (17, 73, N'Caron', N'Billington', N'Computing', 1)
INSERT [dbo].[tblPerson] ([Personid], [OrgId], [FirstName], [LastName], [Department], [PersonStatusId]) VALUES (18, 9, N'Svetlana', N'McNair', N'Accounts', 1)
INSERT [dbo].[tblPerson] ([Personid], [OrgId], [FirstName], [LastName], [Department], [PersonStatusId]) VALUES (19, 1, N'Norma', N'Sowerby', N'Sales', 1)
INSERT [dbo].[tblPerson] ([Personid], [OrgId], [FirstName], [LastName], [Department], [PersonStatusId]) VALUES (20, 71, N'Serleeka', N'Muir', N'Legal', 1)
INSERT [dbo].[tblPerson] ([Personid], [OrgId], [FirstName], [LastName], [Department], [PersonStatusId]) VALUES (21, 10, N'Colm', N'Swallow', N'Research', 1)
INSERT [dbo].[tblPerson] ([Personid], [OrgId], [FirstName], [LastName], [Department], [PersonStatusId]) VALUES (22, 66, N'Alan', N'Belcher', N'Reprographics', 1)
INSERT [dbo].[tblPerson] ([Personid], [OrgId], [FirstName], [LastName], [Department], [PersonStatusId]) VALUES (23, 71, N'Dathan', N'Hannaford', N'Personnel', 1)
INSERT [dbo].[tblPerson] ([Personid], [OrgId], [FirstName], [LastName], [Department], [PersonStatusId]) VALUES (24, 27, N'Lynda', N'Willetts', N'Personnel', 1)
INSERT [dbo].[tblPerson] ([Personid], [OrgId], [FirstName], [LastName], [Department], [PersonStatusId]) VALUES (25, 34, N'required', N'Gethin', N'Research', 1)
INSERT [dbo].[tblPerson] ([Personid], [OrgId], [FirstName], [LastName], [Department], [PersonStatusId]) VALUES (26, 43, N'Dimple', N'Green', N'Special', 1)
INSERT [dbo].[tblPerson] ([Personid], [OrgId], [FirstName], [LastName], [Department], [PersonStatusId]) VALUES (27, 2, N'Cost', N'Robersom', N'Sales', 1)
INSERT [dbo].[tblPerson] ([Personid], [OrgId], [FirstName], [LastName], [Department], [PersonStatusId]) VALUES (28, 65, N'Harsukh', N'Cura', N'Sales', 1)
INSERT [dbo].[tblPerson] ([Personid], [OrgId], [FirstName], [LastName], [Department], [PersonStatusId]) VALUES (29, 29, N'Olive', N'Elgie', N'HR', 1)
INSERT [dbo].[tblPerson] ([Personid], [OrgId], [FirstName], [LastName], [Department], [PersonStatusId]) VALUES (30, 75, N'Pamela`', N'Wyatt', N'Legal', 2)
INSERT [dbo].[tblPerson] ([Personid], [OrgId], [FirstName], [LastName], [Department], [PersonStatusId]) VALUES (31, 67, N'Malaika', N'Fowkes', N'Special', 1)
INSERT [dbo].[tblPerson] ([Personid], [OrgId], [FirstName], [LastName], [Department], [PersonStatusId]) VALUES (32, 34, N'Sauvik', N'Butler', N'Sales', 2)
INSERT [dbo].[tblPerson] ([Personid], [OrgId], [FirstName], [LastName], [Department], [PersonStatusId]) VALUES (33, 11, N'Robbie', N'Bloomfield', N'Legal', 1)
INSERT [dbo].[tblPerson] ([Personid], [OrgId], [FirstName], [LastName], [Department], [PersonStatusId]) VALUES (34, 4, N'Aureen', N'Skivington', N'Special', 1)
INSERT [dbo].[tblPerson] ([Personid], [OrgId], [FirstName], [LastName], [Department], [PersonStatusId]) VALUES (35, 71, N'Marcellina', N'Marno', N'Marketing', 2)
INSERT [dbo].[tblPerson] ([Personid], [OrgId], [FirstName], [LastName], [Department], [PersonStatusId]) VALUES (36, 68, N'Christophe', N'Henriques', N'Computing', 1)
INSERT [dbo].[tblPerson] ([Personid], [OrgId], [FirstName], [LastName], [Department], [PersonStatusId]) VALUES (37, 53, N'Ryuji', N'MacLean', N'Reprographics', 1)
INSERT [dbo].[tblPerson] ([Personid], [OrgId], [FirstName], [LastName], [Department], [PersonStatusId]) VALUES (38, 71, N'Divyesh', N'Largan', N'Accounts', 1)
INSERT [dbo].[tblPerson] ([Personid], [OrgId], [FirstName], [LastName], [Department], [PersonStatusId]) VALUES (39, 55, N'Ernie', N'Dunkerley', N'Legal', 1)
INSERT [dbo].[tblPerson] ([Personid], [OrgId], [FirstName], [LastName], [Department], [PersonStatusId]) VALUES (40, 64, N'Donna', N'Wilkins', N'Sales', 1)
INSERT [dbo].[tblPerson] ([Personid], [OrgId], [FirstName], [LastName], [Department], [PersonStatusId]) VALUES (41, 45, N'Jawed', N'McDearmid', N'Research', 1)
INSERT [dbo].[tblPerson] ([Personid], [OrgId], [FirstName], [LastName], [Department], [PersonStatusId]) VALUES (42, 66, N'Vijesh', N'Grahame', N'Personnel', 1)
INSERT [dbo].[tblPerson] ([Personid], [OrgId], [FirstName], [LastName], [Department], [PersonStatusId]) VALUES (43, 8, N'Tripta', N'Brennan', N'Personnel', 1)
INSERT [dbo].[tblPerson] ([Personid], [OrgId], [FirstName], [LastName], [Department], [PersonStatusId]) VALUES (44, 9, N'Henrigue', N'O''Hara', N'Personnel', 1)
INSERT [dbo].[tblPerson] ([Personid], [OrgId], [FirstName], [LastName], [Department], [PersonStatusId]) VALUES (45, 73, N'Meirion', N'Services', N'Personnel', 1)
INSERT [dbo].[tblPerson] ([Personid], [OrgId], [FirstName], [LastName], [Department], [PersonStatusId]) VALUES (46, 75, N'Lynda', N'Norris', N'IT', 1)
INSERT [dbo].[tblPerson] ([Personid], [OrgId], [FirstName], [LastName], [Department], [PersonStatusId]) VALUES (47, 59, N'Jilly', N'Ogbolu', N'HR', 1)
INSERT [dbo].[tblPerson] ([Personid], [OrgId], [FirstName], [LastName], [Department], [PersonStatusId]) VALUES (48, 20, N'Alu', N'Winder', N'IT', 1)
INSERT [dbo].[tblPerson] ([Personid], [OrgId], [FirstName], [LastName], [Department], [PersonStatusId]) VALUES (49, 45, N'Asmita', N'Comrie', N'Research', 1)
INSERT [dbo].[tblPerson] ([Personid], [OrgId], [FirstName], [LastName], [Department], [PersonStatusId]) VALUES (50, 33, N'Sunita', N'Tarbuck', N'IT', 1)
INSERT [dbo].[tblPerson] ([Personid], [OrgId], [FirstName], [LastName], [Department], [PersonStatusId]) VALUES (51, 7, N'Zsuzsanna', N'Malysz', N'Marketing', 1)
INSERT [dbo].[tblPerson] ([Personid], [OrgId], [FirstName], [LastName], [Department], [PersonStatusId]) VALUES (52, 58, N'Zainab', N'Liversedge', N'IT', 1)
INSERT [dbo].[tblPerson] ([Personid], [OrgId], [FirstName], [LastName], [Department], [PersonStatusId]) VALUES (53, 19, N'Musa', N'Bisby', N'Special', 1)
INSERT [dbo].[tblPerson] ([Personid], [OrgId], [FirstName], [LastName], [Department], [PersonStatusId]) VALUES (54, 45, N'Halcyon', N'Tonkin', N'Reprographics', 1)
INSERT [dbo].[tblPerson] ([Personid], [OrgId], [FirstName], [LastName], [Department], [PersonStatusId]) VALUES (55, 68, N'Navita', N'James', N'Marketing', 2)
INSERT [dbo].[tblPerson] ([Personid], [OrgId], [FirstName], [LastName], [Department], [PersonStatusId]) VALUES (56, 15, N'Buster', N'Wedgbrow', N'Personnel', 2)
INSERT [dbo].[tblPerson] ([Personid], [OrgId], [FirstName], [LastName], [Department], [PersonStatusId]) VALUES (57, 31, N'Glyn', N'Anderson', N'Legal', 1)
INSERT [dbo].[tblPerson] ([Personid], [OrgId], [FirstName], [LastName], [Department], [PersonStatusId]) VALUES (58, 31, N'Will', N'Trueman', N'Reprographics', 1)
INSERT [dbo].[tblPerson] ([Personid], [OrgId], [FirstName], [LastName], [Department], [PersonStatusId]) VALUES (59, 49, N'The', N'Alifantis', N'IT', 1)
INSERT [dbo].[tblPerson] ([Personid], [OrgId], [FirstName], [LastName], [Department], [PersonStatusId]) VALUES (60, 8, N'Eugene', N'Callaghan', N'Marketing', 1)
INSERT [dbo].[tblPerson] ([Personid], [OrgId], [FirstName], [LastName], [Department], [PersonStatusId]) VALUES (61, 45, N'Janice', N'Pihourquet', N'Finance', 1)
INSERT [dbo].[tblPerson] ([Personid], [OrgId], [FirstName], [LastName], [Department], [PersonStatusId]) VALUES (62, 65, N'Jefferson', N'Liston', N'HR', 1)
INSERT [dbo].[tblPerson] ([Personid], [OrgId], [FirstName], [LastName], [Department], [PersonStatusId]) VALUES (63, 6, N'Arun', N'Stancer', N'IT', 1)
INSERT [dbo].[tblPerson] ([Personid], [OrgId], [FirstName], [LastName], [Department], [PersonStatusId]) VALUES (64, 4, N'Tashfin', N'bbb', N'Finance', 1)
INSERT [dbo].[tblPerson] ([Personid], [OrgId], [FirstName], [LastName], [Department], [PersonStatusId]) VALUES (65, 53, N'Caron', N'O''Loughlin', N'Computing', 1)
INSERT [dbo].[tblPerson] ([Personid], [OrgId], [FirstName], [LastName], [Department], [PersonStatusId]) VALUES (66, 62, N'Emma', N'Chikwari', N'Research', 1)
INSERT [dbo].[tblPerson] ([Personid], [OrgId], [FirstName], [LastName], [Department], [PersonStatusId]) VALUES (67, 13, N'Lucia', N'Stinson', N'Finance', 1)
INSERT [dbo].[tblPerson] ([Personid], [OrgId], [FirstName], [LastName], [Department], [PersonStatusId]) VALUES (68, 69, N'Fiona', N'Nisbet', N'Research', 1)
INSERT [dbo].[tblPerson] ([Personid], [OrgId], [FirstName], [LastName], [Department], [PersonStatusId]) VALUES (69, 36, N'Gene', N'Ruderham', N'Finance', 1)
INSERT [dbo].[tblPerson] ([Personid], [OrgId], [FirstName], [LastName], [Department], [PersonStatusId]) VALUES (70, 25, N'Muriel', N'Carrotte', N'Reprographics', 1)
INSERT [dbo].[tblPerson] ([Personid], [OrgId], [FirstName], [LastName], [Department], [PersonStatusId]) VALUES (71, 75, N'Suzanne', N'Kenton', N'Reprographics', 1)
INSERT [dbo].[tblPerson] ([Personid], [OrgId], [FirstName], [LastName], [Department], [PersonStatusId]) VALUES (72, 56, N'Transfers', N'Fish', N'Finance', 1)
INSERT [dbo].[tblPerson] ([Personid], [OrgId], [FirstName], [LastName], [Department], [PersonStatusId]) VALUES (73, 10, N'Keir', N'Grahame', N'Computing', 1)
INSERT [dbo].[tblPerson] ([Personid], [OrgId], [FirstName], [LastName], [Department], [PersonStatusId]) VALUES (74, 28, N'Muiz', N'Miscioglu', N'Computing', 1)
INSERT [dbo].[tblPerson] ([Personid], [OrgId], [FirstName], [LastName], [Department], [PersonStatusId]) VALUES (75, 43, N'Britta', N'Freestone', N'Accounts', 1)
INSERT [dbo].[tblPerson] ([Personid], [OrgId], [FirstName], [LastName], [Department], [PersonStatusId]) VALUES (76, 14, N'Harold', N'Crowley', N'Legal', 1)
INSERT [dbo].[tblPerson] ([Personid], [OrgId], [FirstName], [LastName], [Department], [PersonStatusId]) VALUES (77, 33, N'Danielle', N'Baff', N'Finance', 1)
INSERT [dbo].[tblPerson] ([Personid], [OrgId], [FirstName], [LastName], [Department], [PersonStatusId]) VALUES (78, 38, N'Heidi', N'Ziman', N'Marketing', 2)
INSERT [dbo].[tblPerson] ([Personid], [OrgId], [FirstName], [LastName], [Department], [PersonStatusId]) VALUES (79, 11, N'Jenny', N'Baines', N'HR', 1)
INSERT [dbo].[tblPerson] ([Personid], [OrgId], [FirstName], [LastName], [Department], [PersonStatusId]) VALUES (80, 24, N'Janette', N'Longton', N'HR', 2)
INSERT [dbo].[tblPerson] ([Personid], [OrgId], [FirstName], [LastName], [Department], [PersonStatusId]) VALUES (81, 12, N'Justine', N'Newland', N'Legal', 1)
INSERT [dbo].[tblPerson] ([Personid], [OrgId], [FirstName], [LastName], [Department], [PersonStatusId]) VALUES (82, 29, N'Pam', N'Edgar', N'HR', 1)
INSERT [dbo].[tblPerson] ([Personid], [OrgId], [FirstName], [LastName], [Department], [PersonStatusId]) VALUES (83, 62, N'Huw', N'Renold', N'Sales', 2)
INSERT [dbo].[tblPerson] ([Personid], [OrgId], [FirstName], [LastName], [Department], [PersonStatusId]) VALUES (84, 9, N'Doron', N'Peskett', N'Marketing', 2)
INSERT [dbo].[tblPerson] ([Personid], [OrgId], [FirstName], [LastName], [Department], [PersonStatusId]) VALUES (85, 5, N'Saunders', N'Hull', N'Personnel', 1)
INSERT [dbo].[tblPerson] ([Personid], [OrgId], [FirstName], [LastName], [Department], [PersonStatusId]) VALUES (86, 57, N'Harvey', N'Shaughnessy', N'Finance', 1)
INSERT [dbo].[tblPerson] ([Personid], [OrgId], [FirstName], [LastName], [Department], [PersonStatusId]) VALUES (87, 14, N'Bryce', N'Schmidtke', N'Legal', 1)
INSERT [dbo].[tblPerson] ([Personid], [OrgId], [FirstName], [LastName], [Department], [PersonStatusId]) VALUES (88, 58, N'Phil', N'Clixby', N'Personnel', 1)
INSERT [dbo].[tblPerson] ([Personid], [OrgId], [FirstName], [LastName], [Department], [PersonStatusId]) VALUES (89, 75, N'Rosie', N'Trovesi', N'Marketing', 1)
INSERT [dbo].[tblPerson] ([Personid], [OrgId], [FirstName], [LastName], [Department], [PersonStatusId]) VALUES (90, 28, N'Jordan', N'Jimenez-Leal', N'Research', 1)
INSERT [dbo].[tblPerson] ([Personid], [OrgId], [FirstName], [LastName], [Department], [PersonStatusId]) VALUES (91, 56, N'Jeny', N'Virginie', N'IT', 1)
INSERT [dbo].[tblPerson] ([Personid], [OrgId], [FirstName], [LastName], [Department], [PersonStatusId]) VALUES (92, 73, N'Pete', N'Crowther', N'Legal', 1)
INSERT [dbo].[tblPerson] ([Personid], [OrgId], [FirstName], [LastName], [Department], [PersonStatusId]) VALUES (93, 2, N'Valerie', N'Albison', N'Personnel', 1)
INSERT [dbo].[tblPerson] ([Personid], [OrgId], [FirstName], [LastName], [Department], [PersonStatusId]) VALUES (94, 45, N'Katy', N'Isaac', N'Research', 1)
INSERT [dbo].[tblPerson] ([Personid], [OrgId], [FirstName], [LastName], [Department], [PersonStatusId]) VALUES (95, 54, N'Doug', N'Bushell', N'Research', 1)
INSERT [dbo].[tblPerson] ([Personid], [OrgId], [FirstName], [LastName], [Department], [PersonStatusId]) VALUES (96, 20, N'Rex', N'Fain', N'Sales', 1)
INSERT [dbo].[tblPerson] ([Personid], [OrgId], [FirstName], [LastName], [Department], [PersonStatusId]) VALUES (97, 34, N'Chelsea', N'Finley', N'Research', 1)
INSERT [dbo].[tblPerson] ([Personid], [OrgId], [FirstName], [LastName], [Department], [PersonStatusId]) VALUES (98, 23, N'Lasse', N'Schuch', N'IT', 1)
INSERT [dbo].[tblPerson] ([Personid], [OrgId], [FirstName], [LastName], [Department], [PersonStatusId]) VALUES (99, 4, N'Miss', N'Tumber', N'Special', 1)
INSERT [dbo].[tblPerson] ([Personid], [OrgId], [FirstName], [LastName], [Department], [PersonStatusId]) VALUES (100, 7, N'Tonia', N'Stones', N'Research', 1)
INSERT [dbo].[tblPerson] ([Personid], [OrgId], [FirstName], [LastName], [Department], [PersonStatusId]) VALUES (101, 45, N'Clive', N'Loton', N'Finance', 1)
GO
print 'Processed 100 total records'
INSERT [dbo].[tblPerson] ([Personid], [OrgId], [FirstName], [LastName], [Department], [PersonStatusId]) VALUES (102, 33, N'Business', N'Manager', N'Marketing', 2)
INSERT [dbo].[tblPerson] ([Personid], [OrgId], [FirstName], [LastName], [Department], [PersonStatusId]) VALUES (103, 66, N'Phillippa', N'McClure', N'Reprographics', 1)
INSERT [dbo].[tblPerson] ([Personid], [OrgId], [FirstName], [LastName], [Department], [PersonStatusId]) VALUES (104, 1, N'Hayden', N'East', N'Finance', 1)
INSERT [dbo].[tblPerson] ([Personid], [OrgId], [FirstName], [LastName], [Department], [PersonStatusId]) VALUES (105, 23, N'Andy', N'Pankhania', N'Special', 1)
INSERT [dbo].[tblPerson] ([Personid], [OrgId], [FirstName], [LastName], [Department], [PersonStatusId]) VALUES (106, 66, N'Benoit', N'Philo', N'Computing', 2)
INSERT [dbo].[tblPerson] ([Personid], [OrgId], [FirstName], [LastName], [Department], [PersonStatusId]) VALUES (107, 26, N'Margery', N'Daniels', N'Marketing', 1)
INSERT [dbo].[tblPerson] ([Personid], [OrgId], [FirstName], [LastName], [Department], [PersonStatusId]) VALUES (108, 72, N'William', N'Pillinger', N'IT', 1)
INSERT [dbo].[tblPerson] ([Personid], [OrgId], [FirstName], [LastName], [Department], [PersonStatusId]) VALUES (109, 36, N'Eliza', N'Bracken', N'IT', 1)
INSERT [dbo].[tblPerson] ([Personid], [OrgId], [FirstName], [LastName], [Department], [PersonStatusId]) VALUES (110, 51, N'Chrysa', N'O''Rourke', N'Marketing', 1)
INSERT [dbo].[tblPerson] ([Personid], [OrgId], [FirstName], [LastName], [Department], [PersonStatusId]) VALUES (111, 6, N'Miles', N'Payne', N'Personnel', 1)
INSERT [dbo].[tblPerson] ([Personid], [OrgId], [FirstName], [LastName], [Department], [PersonStatusId]) VALUES (112, 2, N'Susan', N'Corbin', N'Reprographics', 2)
INSERT [dbo].[tblPerson] ([Personid], [OrgId], [FirstName], [LastName], [Department], [PersonStatusId]) VALUES (113, 47, N'Carel', N'Liston', N'Sales', 1)
INSERT [dbo].[tblPerson] ([Personid], [OrgId], [FirstName], [LastName], [Department], [PersonStatusId]) VALUES (114, 52, N'Jules', N'Dovaston', N'IT', 1)
INSERT [dbo].[tblPerson] ([Personid], [OrgId], [FirstName], [LastName], [Department], [PersonStatusId]) VALUES (115, 33, N'Claims', N'Gadsdon', N'Sales', 1)
INSERT [dbo].[tblPerson] ([Personid], [OrgId], [FirstName], [LastName], [Department], [PersonStatusId]) VALUES (116, 75, N'Chrysa', N'Henry', N'Computing', 1)
INSERT [dbo].[tblPerson] ([Personid], [OrgId], [FirstName], [LastName], [Department], [PersonStatusId]) VALUES (117, 12, N'Ann', N'Glassey', N'Finance', 2)
INSERT [dbo].[tblPerson] ([Personid], [OrgId], [FirstName], [LastName], [Department], [PersonStatusId]) VALUES (118, 9, N'Sheila', N'Lorman', N'HR', 1)
INSERT [dbo].[tblPerson] ([Personid], [OrgId], [FirstName], [LastName], [Department], [PersonStatusId]) VALUES (119, 41, N'Amandeep', N'Malde', N'IT', 1)
INSERT [dbo].[tblPerson] ([Personid], [OrgId], [FirstName], [LastName], [Department], [PersonStatusId]) VALUES (120, 4, N'Laurie', N'Harle', N'Marketing', 1)
INSERT [dbo].[tblPerson] ([Personid], [OrgId], [FirstName], [LastName], [Department], [PersonStatusId]) VALUES (121, 32, N'Kuldeep', N'Bretherton', N'IT', 1)
INSERT [dbo].[tblPerson] ([Personid], [OrgId], [FirstName], [LastName], [Department], [PersonStatusId]) VALUES (122, 20, N'Irfan', N'Paul', N'Reprographics', 1)
INSERT [dbo].[tblPerson] ([Personid], [OrgId], [FirstName], [LastName], [Department], [PersonStatusId]) VALUES (123, 51, N'Simrat', N'Sturton', N'HR', 1)
INSERT [dbo].[tblPerson] ([Personid], [OrgId], [FirstName], [LastName], [Department], [PersonStatusId]) VALUES (124, 3, N'Inees', N'Pemberton', N'Sales', 1)
INSERT [dbo].[tblPerson] ([Personid], [OrgId], [FirstName], [LastName], [Department], [PersonStatusId]) VALUES (125, 40, N'Demelza', N'Arnfield', N'Reprographics', 1)
INSERT [dbo].[tblPerson] ([Personid], [OrgId], [FirstName], [LastName], [Department], [PersonStatusId]) VALUES (126, 6, N'Leanne', N'Sutta', N'Marketing', 1)
INSERT [dbo].[tblPerson] ([Personid], [OrgId], [FirstName], [LastName], [Department], [PersonStatusId]) VALUES (127, 8, N'Pat', N'McBain', N'Sales', 1)
INSERT [dbo].[tblPerson] ([Personid], [OrgId], [FirstName], [LastName], [Department], [PersonStatusId]) VALUES (128, 76, N'Peggy', N'Nagra', N'Computing', 1)
INSERT [dbo].[tblPerson] ([Personid], [OrgId], [FirstName], [LastName], [Department], [PersonStatusId]) VALUES (129, 8, N'Glyn', N'Cowie', N'Accounts', 1)
INSERT [dbo].[tblPerson] ([Personid], [OrgId], [FirstName], [LastName], [Department], [PersonStatusId]) VALUES (130, 55, N'Harji', N'Draeger', N'Sales', 1)
INSERT [dbo].[tblPerson] ([Personid], [OrgId], [FirstName], [LastName], [Department], [PersonStatusId]) VALUES (131, 42, N'Baljeet', N'Bowyer', N'HR', 1)
INSERT [dbo].[tblPerson] ([Personid], [OrgId], [FirstName], [LastName], [Department], [PersonStatusId]) VALUES (132, 4, N'Stuart', N'Pearman', N'Marketing', 1)
INSERT [dbo].[tblPerson] ([Personid], [OrgId], [FirstName], [LastName], [Department], [PersonStatusId]) VALUES (133, 45, N'Giovanna', N'Lovell-Butt', N'HR', 1)
INSERT [dbo].[tblPerson] ([Personid], [OrgId], [FirstName], [LastName], [Department], [PersonStatusId]) VALUES (134, 67, N'Trish', N'Addley', N'HR', 1)
INSERT [dbo].[tblPerson] ([Personid], [OrgId], [FirstName], [LastName], [Department], [PersonStatusId]) VALUES (135, 74, N'Dave', N'Welsh', N'Legal', 1)
INSERT [dbo].[tblPerson] ([Personid], [OrgId], [FirstName], [LastName], [Department], [PersonStatusId]) VALUES (136, 13, N'Alisa', N'Campling', N'Finance', 1)
INSERT [dbo].[tblPerson] ([Personid], [OrgId], [FirstName], [LastName], [Department], [PersonStatusId]) VALUES (137, 51, N'Aigars', N'Hicks', N'Reprographics', 1)
INSERT [dbo].[tblPerson] ([Personid], [OrgId], [FirstName], [LastName], [Department], [PersonStatusId]) VALUES (138, 8, N'Dominique', N'Camfield', N'Legal', 2)
INSERT [dbo].[tblPerson] ([Personid], [OrgId], [FirstName], [LastName], [Department], [PersonStatusId]) VALUES (139, 39, N'Qamar', N'Carrotte', N'Finance', 1)
INSERT [dbo].[tblPerson] ([Personid], [OrgId], [FirstName], [LastName], [Department], [PersonStatusId]) VALUES (140, 46, N'Farida', N'Pinkus', N'Computing', 1)
INSERT [dbo].[tblPerson] ([Personid], [OrgId], [FirstName], [LastName], [Department], [PersonStatusId]) VALUES (141, 59, N'Frances', N'Strait', N'Personnel', 1)
INSERT [dbo].[tblPerson] ([Personid], [OrgId], [FirstName], [LastName], [Department], [PersonStatusId]) VALUES (142, 39, N'Pei', N'Franic', N'Personnel', 1)
INSERT [dbo].[tblPerson] ([Personid], [OrgId], [FirstName], [LastName], [Department], [PersonStatusId]) VALUES (143, 11, N'Ciara', N'Rea', N'Sales', 2)
INSERT [dbo].[tblPerson] ([Personid], [OrgId], [FirstName], [LastName], [Department], [PersonStatusId]) VALUES (144, 41, N'Anne-Laure', N'Reddington', N'Special', 1)
INSERT [dbo].[tblPerson] ([Personid], [OrgId], [FirstName], [LastName], [Department], [PersonStatusId]) VALUES (145, 9, N'Rajiv', N'Flack', N'Computing', 1)
INSERT [dbo].[tblPerson] ([Personid], [OrgId], [FirstName], [LastName], [Department], [PersonStatusId]) VALUES (146, 29, N'Caron', N'Phelps', N'HR', 1)
INSERT [dbo].[tblPerson] ([Personid], [OrgId], [FirstName], [LastName], [Department], [PersonStatusId]) VALUES (147, 18, N'Rakesh', N'Goodey', N'Special', 2)
INSERT [dbo].[tblPerson] ([Personid], [OrgId], [FirstName], [LastName], [Department], [PersonStatusId]) VALUES (148, 74, N'Melissa', N'Field', N'Computing', 1)
INSERT [dbo].[tblPerson] ([Personid], [OrgId], [FirstName], [LastName], [Department], [PersonStatusId]) VALUES (149, 27, N'Katrina', N'Ismail', N'IT', 1)
INSERT [dbo].[tblPerson] ([Personid], [OrgId], [FirstName], [LastName], [Department], [PersonStatusId]) VALUES (150, 53, N'Sui', N'Hamer', N'Personnel', 1)
INSERT [dbo].[tblPerson] ([Personid], [OrgId], [FirstName], [LastName], [Department], [PersonStatusId]) VALUES (151, 2, N'Carley', N'Schloendorn', N'HR', 1)
INSERT [dbo].[tblPerson] ([Personid], [OrgId], [FirstName], [LastName], [Department], [PersonStatusId]) VALUES (152, 70, N'Clement', N'Faulker', N'Finance', 1)
INSERT [dbo].[tblPerson] ([Personid], [OrgId], [FirstName], [LastName], [Department], [PersonStatusId]) VALUES (153, 49, N'Sarann', N'Downing', N'Legal', 2)
INSERT [dbo].[tblPerson] ([Personid], [OrgId], [FirstName], [LastName], [Department], [PersonStatusId]) VALUES (154, 36, N'Bryce', N'Skeates', N'Sales', 1)
INSERT [dbo].[tblPerson] ([Personid], [OrgId], [FirstName], [LastName], [Department], [PersonStatusId]) VALUES (155, 74, N'Dionne', N'McClelland
McClelland', N'Marketing', 1)
INSERT [dbo].[tblPerson] ([Personid], [OrgId], [FirstName], [LastName], [Department], [PersonStatusId]) VALUES (156, 37, N'Jordan', N'Uddin', N'Finance', 1)
INSERT [dbo].[tblPerson] ([Personid], [OrgId], [FirstName], [LastName], [Department], [PersonStatusId]) VALUES (157, 45, N'Neeraj', N'Graley', N'Computing', 1)
INSERT [dbo].[tblPerson] ([Personid], [OrgId], [FirstName], [LastName], [Department], [PersonStatusId]) VALUES (158, 31, N'Jeny', N'Grosvenor', N'Special', 1)
INSERT [dbo].[tblPerson] ([Personid], [OrgId], [FirstName], [LastName], [Department], [PersonStatusId]) VALUES (159, 29, N'Nina', N'Virginie', N'Finance', 1)
INSERT [dbo].[tblPerson] ([Personid], [OrgId], [FirstName], [LastName], [Department], [PersonStatusId]) VALUES (160, 25, N'Ken', N'Heaslip', N'HR', 1)
INSERT [dbo].[tblPerson] ([Personid], [OrgId], [FirstName], [LastName], [Department], [PersonStatusId]) VALUES (161, 71, N'Name', N'Shales', N'Legal', 1)
INSERT [dbo].[tblPerson] ([Personid], [OrgId], [FirstName], [LastName], [Department], [PersonStatusId]) VALUES (162, 22, N'Joe', N'Hazelden', N'Reprographics', 1)
INSERT [dbo].[tblPerson] ([Personid], [OrgId], [FirstName], [LastName], [Department], [PersonStatusId]) VALUES (163, 6, N'Marika', N'Kruger', N'Personnel', 1)
INSERT [dbo].[tblPerson] ([Personid], [OrgId], [FirstName], [LastName], [Department], [PersonStatusId]) VALUES (164, 75, N'Navita', N'Harrison', N'Legal', 1)
INSERT [dbo].[tblPerson] ([Personid], [OrgId], [FirstName], [LastName], [Department], [PersonStatusId]) VALUES (165, 11, N'Parmjit', N'Sprague', N'HR', 1)
INSERT [dbo].[tblPerson] ([Personid], [OrgId], [FirstName], [LastName], [Department], [PersonStatusId]) VALUES (166, 52, N'Front', N'Malcolm', N'IT', 1)
INSERT [dbo].[tblPerson] ([Personid], [OrgId], [FirstName], [LastName], [Department], [PersonStatusId]) VALUES (167, 17, N'Kiren', N'Kirkby', N'Legal', 1)
INSERT [dbo].[tblPerson] ([Personid], [OrgId], [FirstName], [LastName], [Department], [PersonStatusId]) VALUES (168, 59, N'Carlos', N'Onley', N'Personnel', 1)
INSERT [dbo].[tblPerson] ([Personid], [OrgId], [FirstName], [LastName], [Department], [PersonStatusId]) VALUES (169, 8, N'Kieren', N'Weatherfield', N'Reprographics', 1)
INSERT [dbo].[tblPerson] ([Personid], [OrgId], [FirstName], [LastName], [Department], [PersonStatusId]) VALUES (170, 14, N'Faheed', N'Hibben', N'Personnel', 1)
INSERT [dbo].[tblPerson] ([Personid], [OrgId], [FirstName], [LastName], [Department], [PersonStatusId]) VALUES (171, 5, N'Bev', N'Palumbo', N'Sales', 1)
INSERT [dbo].[tblPerson] ([Personid], [OrgId], [FirstName], [LastName], [Department], [PersonStatusId]) VALUES (172, 61, N'Eve', N'Cowburn', N'Finance', 2)
INSERT [dbo].[tblPerson] ([Personid], [OrgId], [FirstName], [LastName], [Department], [PersonStatusId]) VALUES (173, 66, N'Nancie', N'McIlree', N'Legal', 1)
INSERT [dbo].[tblPerson] ([Personid], [OrgId], [FirstName], [LastName], [Department], [PersonStatusId]) VALUES (174, 48, N'Allyson', N'Burdis', N'Reprographics', 1)
INSERT [dbo].[tblPerson] ([Personid], [OrgId], [FirstName], [LastName], [Department], [PersonStatusId]) VALUES (175, 46, N'Jordan', N'Hambridge', N'Sales', 1)
INSERT [dbo].[tblPerson] ([Personid], [OrgId], [FirstName], [LastName], [Department], [PersonStatusId]) VALUES (176, 25, N'Sope', N'Salih', N'Legal', 1)
INSERT [dbo].[tblPerson] ([Personid], [OrgId], [FirstName], [LastName], [Department], [PersonStatusId]) VALUES (177, 11, N'Christine', N'Gillooly', N'Personnel', 1)
INSERT [dbo].[tblPerson] ([Personid], [OrgId], [FirstName], [LastName], [Department], [PersonStatusId]) VALUES (178, 25, N'Jenna', N'Fincham', N'HR', 2)
INSERT [dbo].[tblPerson] ([Personid], [OrgId], [FirstName], [LastName], [Department], [PersonStatusId]) VALUES (179, 66, N'Wilhelmina', N'Passuello', N'Finance', 1)
INSERT [dbo].[tblPerson] ([Personid], [OrgId], [FirstName], [LastName], [Department], [PersonStatusId]) VALUES (180, 60, N'Havovy', N'Farry', N'Marketing', 1)
INSERT [dbo].[tblPerson] ([Personid], [OrgId], [FirstName], [LastName], [Department], [PersonStatusId]) VALUES (181, 15, N'Shirley-Anne', N'Abraham', N'Finance', 1)
INSERT [dbo].[tblPerson] ([Personid], [OrgId], [FirstName], [LastName], [Department], [PersonStatusId]) VALUES (182, 75, N'Tosin', N'Jenvey', N'Special', 1)
INSERT [dbo].[tblPerson] ([Personid], [OrgId], [FirstName], [LastName], [Department], [PersonStatusId]) VALUES (183, 8, N'Saminder', N'Freedman', N'Research', 1)
INSERT [dbo].[tblPerson] ([Personid], [OrgId], [FirstName], [LastName], [Department], [PersonStatusId]) VALUES (184, 11, N'Merfyn', N'Cowan', N'Marketing', 1)
INSERT [dbo].[tblPerson] ([Personid], [OrgId], [FirstName], [LastName], [Department], [PersonStatusId]) VALUES (185, 11, N'Heather', N'Arnott', N'IT', 1)
INSERT [dbo].[tblPerson] ([Personid], [OrgId], [FirstName], [LastName], [Department], [PersonStatusId]) VALUES (186, 2, N'Corinne', N'Patch', N'Marketing', 1)
INSERT [dbo].[tblPerson] ([Personid], [OrgId], [FirstName], [LastName], [Department], [PersonStatusId]) VALUES (187, 48, N'Roshan', N'Thornely', N'Research', 2)
INSERT [dbo].[tblPerson] ([Personid], [OrgId], [FirstName], [LastName], [Department], [PersonStatusId]) VALUES (188, 26, N'Luigi', N'Milberg', N'Legal', 1)
INSERT [dbo].[tblPerson] ([Personid], [OrgId], [FirstName], [LastName], [Department], [PersonStatusId]) VALUES (189, 4, N'Sis', N'Dowthwaite', N'Personnel', 1)
INSERT [dbo].[tblPerson] ([Personid], [OrgId], [FirstName], [LastName], [Department], [PersonStatusId]) VALUES (190, 9, N'Mairine', N'Colley', N'HR', 1)
INSERT [dbo].[tblPerson] ([Personid], [OrgId], [FirstName], [LastName], [Department], [PersonStatusId]) VALUES (191, 4, N'Theresa', N'Aldridge', N'IT', 1)
INSERT [dbo].[tblPerson] ([Personid], [OrgId], [FirstName], [LastName], [Department], [PersonStatusId]) VALUES (192, 3, N'Althea', N'Barber', N'Reprographics', 1)
INSERT [dbo].[tblPerson] ([Personid], [OrgId], [FirstName], [LastName], [Department], [PersonStatusId]) VALUES (193, 29, N'Khawar', N'Timbrell', N'Marketing', 1)
INSERT [dbo].[tblPerson] ([Personid], [OrgId], [FirstName], [LastName], [Department], [PersonStatusId]) VALUES (194, 51, N'Marcel', N'Henry', N'Accounts', 2)
INSERT [dbo].[tblPerson] ([Personid], [OrgId], [FirstName], [LastName], [Department], [PersonStatusId]) VALUES (195, 48, N'Tosin', N'Fumado', N'Computing', 2)
INSERT [dbo].[tblPerson] ([Personid], [OrgId], [FirstName], [LastName], [Department], [PersonStatusId]) VALUES (196, 13, N'Kimberley', N'Makin', N'Research', 1)
INSERT [dbo].[tblPerson] ([Personid], [OrgId], [FirstName], [LastName], [Department], [PersonStatusId]) VALUES (197, 47, N'Chrissie', N'Depper', N'Accounts', 1)
INSERT [dbo].[tblPerson] ([Personid], [OrgId], [FirstName], [LastName], [Department], [PersonStatusId]) VALUES (198, 11, N'Enrico', N'Burden', N'IT', 1)
INSERT [dbo].[tblPerson] ([Personid], [OrgId], [FirstName], [LastName], [Department], [PersonStatusId]) VALUES (199, 39, N'Lloyd', N'Monks', N'Accounts', 1)
INSERT [dbo].[tblPerson] ([Personid], [OrgId], [FirstName], [LastName], [Department], [PersonStatusId]) VALUES (200, 5, N'Brigette', N'Eglise', N'Special', 1)
INSERT [dbo].[tblPerson] ([Personid], [OrgId], [FirstName], [LastName], [Department], [PersonStatusId]) VALUES (201, 53, N'Caitriana', N'Sawyer', N'HR', 1)
INSERT [dbo].[tblPerson] ([Personid], [OrgId], [FirstName], [LastName], [Department], [PersonStatusId]) VALUES (202, 15, N'Alasdair', N'Godley', N'Research', 1)
GO
print 'Processed 200 total records'
INSERT [dbo].[tblPerson] ([Personid], [OrgId], [FirstName], [LastName], [Department], [PersonStatusId]) VALUES (203, 9, N'Jassy', N'Howland', N'IT', 1)
INSERT [dbo].[tblPerson] ([Personid], [OrgId], [FirstName], [LastName], [Department], [PersonStatusId]) VALUES (204, 76, N'Yannis', N'Peak', N'IT', 1)
INSERT [dbo].[tblPerson] ([Personid], [OrgId], [FirstName], [LastName], [Department], [PersonStatusId]) VALUES (205, 11, N'Graeme', N'Close', N'Accounts', 1)
INSERT [dbo].[tblPerson] ([Personid], [OrgId], [FirstName], [LastName], [Department], [PersonStatusId]) VALUES (206, 45, N'Jemma', N'Pritchard', N'Marketing', 1)
INSERT [dbo].[tblPerson] ([Personid], [OrgId], [FirstName], [LastName], [Department], [PersonStatusId]) VALUES (207, 30, N'Janan', N'Chung', N'Reprographics', 1)
INSERT [dbo].[tblPerson] ([Personid], [OrgId], [FirstName], [LastName], [Department], [PersonStatusId]) VALUES (208, 36, N'Caryn', N'Haughton', N'IT', 1)
INSERT [dbo].[tblPerson] ([Personid], [OrgId], [FirstName], [LastName], [Department], [PersonStatusId]) VALUES (209, 33, N'Shabana', N'Leishman', N'Reprographics', 2)
INSERT [dbo].[tblPerson] ([Personid], [OrgId], [FirstName], [LastName], [Department], [PersonStatusId]) VALUES (210, 46, N'Inderpal', N'Hanoush', N'Legal', 1)
INSERT [dbo].[tblPerson] ([Personid], [OrgId], [FirstName], [LastName], [Department], [PersonStatusId]) VALUES (211, 35, N'Tony', N'Foley', N'Accounts', 1)
INSERT [dbo].[tblPerson] ([Personid], [OrgId], [FirstName], [LastName], [Department], [PersonStatusId]) VALUES (212, 37, N'Renata', N'Horsburgh', N'Special', 1)
INSERT [dbo].[tblPerson] ([Personid], [OrgId], [FirstName], [LastName], [Department], [PersonStatusId]) VALUES (213, 53, N'Sheron', N'Tuson', N'Research', 1)
INSERT [dbo].[tblPerson] ([Personid], [OrgId], [FirstName], [LastName], [Department], [PersonStatusId]) VALUES (214, 4, N'Magda', N'Fenzl', N'Reprographics', 1)
INSERT [dbo].[tblPerson] ([Personid], [OrgId], [FirstName], [LastName], [Department], [PersonStatusId]) VALUES (215, 58, N'Sima', N'Berkshire', N'IT', 1)
INSERT [dbo].[tblPerson] ([Personid], [OrgId], [FirstName], [LastName], [Department], [PersonStatusId]) VALUES (216, 3, N'Vaughn', N'Stott', N'Reprographics', 1)
INSERT [dbo].[tblPerson] ([Personid], [OrgId], [FirstName], [LastName], [Department], [PersonStatusId]) VALUES (217, 12, N'Alastair', N'Mekwi', N'Special', 1)
INSERT [dbo].[tblPerson] ([Personid], [OrgId], [FirstName], [LastName], [Department], [PersonStatusId]) VALUES (218, 74, N'Sharri', N'Ballantyne', N'Marketing', 2)
INSERT [dbo].[tblPerson] ([Personid], [OrgId], [FirstName], [LastName], [Department], [PersonStatusId]) VALUES (219, 41, N'Thao', N'Speed', N'Reprographics', 1)
INSERT [dbo].[tblPerson] ([Personid], [OrgId], [FirstName], [LastName], [Department], [PersonStatusId]) VALUES (220, 49, N'Liaw', N'Unwin', N'Finance', 1)
INSERT [dbo].[tblPerson] ([Personid], [OrgId], [FirstName], [LastName], [Department], [PersonStatusId]) VALUES (221, 40, N'Sabera', N'Roberts', N'Finance', 1)
INSERT [dbo].[tblPerson] ([Personid], [OrgId], [FirstName], [LastName], [Department], [PersonStatusId]) VALUES (222, 16, N'Bartlomiej', N'Dartnall', N'Marketing', 1)
INSERT [dbo].[tblPerson] ([Personid], [OrgId], [FirstName], [LastName], [Department], [PersonStatusId]) VALUES (223, 36, N'Roy', N'Burrow', N'Sales', 1)
INSERT [dbo].[tblPerson] ([Personid], [OrgId], [FirstName], [LastName], [Department], [PersonStatusId]) VALUES (224, 4, N'Jez', N'Malon', N'Research', 1)
INSERT [dbo].[tblPerson] ([Personid], [OrgId], [FirstName], [LastName], [Department], [PersonStatusId]) VALUES (225, 13, N'Joanne', N'Bloore', N'Computing', 1)
INSERT [dbo].[tblPerson] ([Personid], [OrgId], [FirstName], [LastName], [Department], [PersonStatusId]) VALUES (226, 69, N'Sara', N'Hickinbotham', N'Reprographics', 1)
INSERT [dbo].[tblPerson] ([Personid], [OrgId], [FirstName], [LastName], [Department], [PersonStatusId]) VALUES (227, 15, N'Rod', N'Mawford', N'IT', 1)
INSERT [dbo].[tblPerson] ([Personid], [OrgId], [FirstName], [LastName], [Department], [PersonStatusId]) VALUES (228, 29, N'Harriet', N'Dearnaley', N'Computing', 2)
INSERT [dbo].[tblPerson] ([Personid], [OrgId], [FirstName], [LastName], [Department], [PersonStatusId]) VALUES (229, 29, N'Clodagh', N'Pennock', N'Research', 1)
INSERT [dbo].[tblPerson] ([Personid], [OrgId], [FirstName], [LastName], [Department], [PersonStatusId]) VALUES (230, 3, N'Nelly', N'Newis', N'IT', 1)
INSERT [dbo].[tblPerson] ([Personid], [OrgId], [FirstName], [LastName], [Department], [PersonStatusId]) VALUES (231, 32, N'Adam', N'Flower', N'Sales', 1)
INSERT [dbo].[tblPerson] ([Personid], [OrgId], [FirstName], [LastName], [Department], [PersonStatusId]) VALUES (232, 50, N'Sati', N'Loren', N'HR', 1)
INSERT [dbo].[tblPerson] ([Personid], [OrgId], [FirstName], [LastName], [Department], [PersonStatusId]) VALUES (233, 44, N'Malaika', N'Pidoux', N'Special', 1)
INSERT [dbo].[tblPerson] ([Personid], [OrgId], [FirstName], [LastName], [Department], [PersonStatusId]) VALUES (234, 59, N'Tanja', N'Kukiewicz', N'Computing', 1)
INSERT [dbo].[tblPerson] ([Personid], [OrgId], [FirstName], [LastName], [Department], [PersonStatusId]) VALUES (235, 5, N'Shaid', N'Bell', N'Legal', 1)
INSERT [dbo].[tblPerson] ([Personid], [OrgId], [FirstName], [LastName], [Department], [PersonStatusId]) VALUES (236, 24, N'Lorriane', N'Waite', N'Reprographics', 1)
INSERT [dbo].[tblPerson] ([Personid], [OrgId], [FirstName], [LastName], [Department], [PersonStatusId]) VALUES (237, 37, N'Kimberley', N'Bak', N'Personnel', 1)
INSERT [dbo].[tblPerson] ([Personid], [OrgId], [FirstName], [LastName], [Department], [PersonStatusId]) VALUES (238, 19, N'Fenja', N'Brocklehurst', N'Legal', 1)
INSERT [dbo].[tblPerson] ([Personid], [OrgId], [FirstName], [LastName], [Department], [PersonStatusId]) VALUES (239, 67, N'Layla', N'McCann', N'Finance', 1)
INSERT [dbo].[tblPerson] ([Personid], [OrgId], [FirstName], [LastName], [Department], [PersonStatusId]) VALUES (240, 73, N'Marcus', N'Gilchrist', N'Sales', 1)
INSERT [dbo].[tblPerson] ([Personid], [OrgId], [FirstName], [LastName], [Department], [PersonStatusId]) VALUES (241, 2, N'Beat', N'Prince', N'IT', 1)
INSERT [dbo].[tblPerson] ([Personid], [OrgId], [FirstName], [LastName], [Department], [PersonStatusId]) VALUES (242, 62, N'Algar', N'Skilky', N'Marketing', 1)
INSERT [dbo].[tblPerson] ([Personid], [OrgId], [FirstName], [LastName], [Department], [PersonStatusId]) VALUES (243, 9, N'Jennifer', N'Lyristis', N'HR', 1)
INSERT [dbo].[tblPerson] ([Personid], [OrgId], [FirstName], [LastName], [Department], [PersonStatusId]) VALUES (244, 50, N'Matthew', N'Wolstencroft', N'Reprographics', 1)
INSERT [dbo].[tblPerson] ([Personid], [OrgId], [FirstName], [LastName], [Department], [PersonStatusId]) VALUES (245, 54, N'Jacob', N'Parmentier', N'Sales', 2)
INSERT [dbo].[tblPerson] ([Personid], [OrgId], [FirstName], [LastName], [Department], [PersonStatusId]) VALUES (246, 1, N'Seymour', N'Cornwell', N'Special', 1)
INSERT [dbo].[tblPerson] ([Personid], [OrgId], [FirstName], [LastName], [Department], [PersonStatusId]) VALUES (247, 54, N'Jocelyn', N'Langston', N'IT', 1)
INSERT [dbo].[tblPerson] ([Personid], [OrgId], [FirstName], [LastName], [Department], [PersonStatusId]) VALUES (248, 33, N'Laura', N'Council', N'Computing', 1)
INSERT [dbo].[tblPerson] ([Personid], [OrgId], [FirstName], [LastName], [Department], [PersonStatusId]) VALUES (249, 32, N'Barry', N'Sutherland', N'Finance', 1)
INSERT [dbo].[tblPerson] ([Personid], [OrgId], [FirstName], [LastName], [Department], [PersonStatusId]) VALUES (250, 19, N'Jade', N'Mace', N'IT', 1)
INSERT [dbo].[tblPerson] ([Personid], [OrgId], [FirstName], [LastName], [Department], [PersonStatusId]) VALUES (251, 66, N'Delores', N'Allsop', N'Reprographics', 1)
INSERT [dbo].[tblPerson] ([Personid], [OrgId], [FirstName], [LastName], [Department], [PersonStatusId]) VALUES (252, 20, N'Kate', N'Lockwood', N'Marketing', 1)
INSERT [dbo].[tblPerson] ([Personid], [OrgId], [FirstName], [LastName], [Department], [PersonStatusId]) VALUES (253, 20, N'Nathan', N'Wierzan', N'HR', 1)
INSERT [dbo].[tblPerson] ([Personid], [OrgId], [FirstName], [LastName], [Department], [PersonStatusId]) VALUES (254, 39, N'Liz', N'Scammell', N'HR', 1)
INSERT [dbo].[tblPerson] ([Personid], [OrgId], [FirstName], [LastName], [Department], [PersonStatusId]) VALUES (255, 71, N'Janette', N'Snowden', N'Accounts', 1)
INSERT [dbo].[tblPerson] ([Personid], [OrgId], [FirstName], [LastName], [Department], [PersonStatusId]) VALUES (256, 76, N'Leo', N'Thornton', N'Personnel', 1)
INSERT [dbo].[tblPerson] ([Personid], [OrgId], [FirstName], [LastName], [Department], [PersonStatusId]) VALUES (257, 51, N'Yin', N'Erwin', N'Accounts', 1)
INSERT [dbo].[tblPerson] ([Personid], [OrgId], [FirstName], [LastName], [Department], [PersonStatusId]) VALUES (258, 67, N'Martha', N'Finlayson', N'Computing', 1)
INSERT [dbo].[tblPerson] ([Personid], [OrgId], [FirstName], [LastName], [Department], [PersonStatusId]) VALUES (259, 53, N'Ged', N'Kintish', N'HR', 1)
INSERT [dbo].[tblPerson] ([Personid], [OrgId], [FirstName], [LastName], [Department], [PersonStatusId]) VALUES (260, 8, N'Rodney', N'Hoy', N'Legal', 1)
INSERT [dbo].[tblPerson] ([Personid], [OrgId], [FirstName], [LastName], [Department], [PersonStatusId]) VALUES (261, 42, N'Amreek', N'Portch', N'Finance', 1)
INSERT [dbo].[tblPerson] ([Personid], [OrgId], [FirstName], [LastName], [Department], [PersonStatusId]) VALUES (262, 6, N'Moira', N'Campbell-Boreham', N'Sales', 1)
INSERT [dbo].[tblPerson] ([Personid], [OrgId], [FirstName], [LastName], [Department], [PersonStatusId]) VALUES (263, 43, N'Sonia', N'Headley', N'HR', 1)
INSERT [dbo].[tblPerson] ([Personid], [OrgId], [FirstName], [LastName], [Department], [PersonStatusId]) VALUES (264, 33, N'Alexa', N'Packham', N'Sales', 1)
INSERT [dbo].[tblPerson] ([Personid], [OrgId], [FirstName], [LastName], [Department], [PersonStatusId]) VALUES (265, 58, N'Praxedis', N'Trotin', N'HR', 1)
INSERT [dbo].[tblPerson] ([Personid], [OrgId], [FirstName], [LastName], [Department], [PersonStatusId]) VALUES (266, 56, N'Emmanouil', N'Higbee', N'IT', 1)
INSERT [dbo].[tblPerson] ([Personid], [OrgId], [FirstName], [LastName], [Department], [PersonStatusId]) VALUES (267, 6, N'Gurjit', N'Harrop', N'Computing', 2)
INSERT [dbo].[tblPerson] ([Personid], [OrgId], [FirstName], [LastName], [Department], [PersonStatusId]) VALUES (268, 43, N'Haroon', N'Beall', N'IT', 1)
INSERT [dbo].[tblPerson] ([Personid], [OrgId], [FirstName], [LastName], [Department], [PersonStatusId]) VALUES (269, 69, N'Dennis', N'Ballantyne', N'Computing', 1)
INSERT [dbo].[tblPerson] ([Personid], [OrgId], [FirstName], [LastName], [Department], [PersonStatusId]) VALUES (270, 48, N'Manbir', N'Lessells', N'Legal', 1)
INSERT [dbo].[tblPerson] ([Personid], [OrgId], [FirstName], [LastName], [Department], [PersonStatusId]) VALUES (271, 52, N'Nneka', N'Else', N'Research', 2)
INSERT [dbo].[tblPerson] ([Personid], [OrgId], [FirstName], [LastName], [Department], [PersonStatusId]) VALUES (272, 42, N'Henry', N'Whiting', N'Sales', 1)
INSERT [dbo].[tblPerson] ([Personid], [OrgId], [FirstName], [LastName], [Department], [PersonStatusId]) VALUES (273, 7, N'Sajimon', N'Huxley', N'HR', 1)
INSERT [dbo].[tblPerson] ([Personid], [OrgId], [FirstName], [LastName], [Department], [PersonStatusId]) VALUES (274, 8, N'Crosbie', N'Deadman', N'Marketing', 2)
INSERT [dbo].[tblPerson] ([Personid], [OrgId], [FirstName], [LastName], [Department], [PersonStatusId]) VALUES (275, 9, N'Sandi', N'Kipling', N'Accounts', 1)
INSERT [dbo].[tblPerson] ([Personid], [OrgId], [FirstName], [LastName], [Department], [PersonStatusId]) VALUES (276, 20, N'Didier', N'Withers', N'Computing', 1)
INSERT [dbo].[tblPerson] ([Personid], [OrgId], [FirstName], [LastName], [Department], [PersonStatusId]) VALUES (277, 24, N'Genevieve', N'Dyke', N'Marketing', 1)
INSERT [dbo].[tblPerson] ([Personid], [OrgId], [FirstName], [LastName], [Department], [PersonStatusId]) VALUES (278, 66, N'Fenella', N'Fraizer', N'Special', 1)
INSERT [dbo].[tblPerson] ([Personid], [OrgId], [FirstName], [LastName], [Department], [PersonStatusId]) VALUES (279, 68, N'Fohzia', N'Barker', N'Computing', 1)
INSERT [dbo].[tblPerson] ([Personid], [OrgId], [FirstName], [LastName], [Department], [PersonStatusId]) VALUES (280, 63, N'Katia', N'Olatunji', N'Finance', 1)
INSERT [dbo].[tblPerson] ([Personid], [OrgId], [FirstName], [LastName], [Department], [PersonStatusId]) VALUES (281, 24, N'Beverley', N'Wakefieled', N'Research', 1)
INSERT [dbo].[tblPerson] ([Personid], [OrgId], [FirstName], [LastName], [Department], [PersonStatusId]) VALUES (282, 65, N'Nicu', N'Medder', N'Sales', 1)
INSERT [dbo].[tblPerson] ([Personid], [OrgId], [FirstName], [LastName], [Department], [PersonStatusId]) VALUES (283, 30, N'Thalia', N'Sully', N'Legal', 1)
INSERT [dbo].[tblPerson] ([Personid], [OrgId], [FirstName], [LastName], [Department], [PersonStatusId]) VALUES (284, 35, N'Ross', N'Hoey', N'Legal', 1)
INSERT [dbo].[tblPerson] ([Personid], [OrgId], [FirstName], [LastName], [Department], [PersonStatusId]) VALUES (285, 9, N'Beate', N'Kirkpatrick', N'Finance', 1)
INSERT [dbo].[tblPerson] ([Personid], [OrgId], [FirstName], [LastName], [Department], [PersonStatusId]) VALUES (286, 7, N'Shehnaaz', N'Aubrey', N'IT', 2)
INSERT [dbo].[tblPerson] ([Personid], [OrgId], [FirstName], [LastName], [Department], [PersonStatusId]) VALUES (287, 21, N'Jacquie', N'Mobsby', N'Computing', 2)
INSERT [dbo].[tblPerson] ([Personid], [OrgId], [FirstName], [LastName], [Department], [PersonStatusId]) VALUES (288, 66, N'Toby', N'Lord', N'Finance', 1)
INSERT [dbo].[tblPerson] ([Personid], [OrgId], [FirstName], [LastName], [Department], [PersonStatusId]) VALUES (289, 32, N'Rhea', N'Afify', N'Reprographics', 1)
INSERT [dbo].[tblPerson] ([Personid], [OrgId], [FirstName], [LastName], [Department], [PersonStatusId]) VALUES (290, 3, N'Salli', N'Afify', N'HR', 1)
INSERT [dbo].[tblPerson] ([Personid], [OrgId], [FirstName], [LastName], [Department], [PersonStatusId]) VALUES (291, 64, N'Doree', N'Cartwright', N'IT', 1)
INSERT [dbo].[tblPerson] ([Personid], [OrgId], [FirstName], [LastName], [Department], [PersonStatusId]) VALUES (292, 3, N'Walter', N'Bhatti', N'Reprographics', 1)
INSERT [dbo].[tblPerson] ([Personid], [OrgId], [FirstName], [LastName], [Department], [PersonStatusId]) VALUES (293, 58, N'Carolyn', N'Guest', N'Legal', 1)
INSERT [dbo].[tblPerson] ([Personid], [OrgId], [FirstName], [LastName], [Department], [PersonStatusId]) VALUES (294, 3, N'Carmella', N'Macey', N'Sales', 1)
INSERT [dbo].[tblPerson] ([Personid], [OrgId], [FirstName], [LastName], [Department], [PersonStatusId]) VALUES (295, 50, N'Francesco', N'Osineye', N'Personnel', 1)
INSERT [dbo].[tblPerson] ([Personid], [OrgId], [FirstName], [LastName], [Department], [PersonStatusId]) VALUES (296, 20, N'Kenny', N'Sheila', N'Computing', 1)
INSERT [dbo].[tblPerson] ([Personid], [OrgId], [FirstName], [LastName], [Department], [PersonStatusId]) VALUES (297, 8, N'Salick', N'Breckons', N'Computing', 1)
INSERT [dbo].[tblPerson] ([Personid], [OrgId], [FirstName], [LastName], [Department], [PersonStatusId]) VALUES (298, 74, N'Daniele', N'Ashraf', N'Reprographics', 1)
INSERT [dbo].[tblPerson] ([Personid], [OrgId], [FirstName], [LastName], [Department], [PersonStatusId]) VALUES (299, 59, N'Gisela', N'Tainton', N'Marketing', 1)
INSERT [dbo].[tblPerson] ([Personid], [OrgId], [FirstName], [LastName], [Department], [PersonStatusId]) VALUES (300, 25, N'Olivia', N'Reilly', N'Legal', 1)
INSERT [dbo].[tblPerson] ([Personid], [OrgId], [FirstName], [LastName], [Department], [PersonStatusId]) VALUES (301, 26, N'Malcolm', N'Fisk', N'HR', 1)
INSERT [dbo].[tblPerson] ([Personid], [OrgId], [FirstName], [LastName], [Department], [PersonStatusId]) VALUES (302, 14, N'Yetunde', N'Clements', N'Marketing', 2)
INSERT [dbo].[tblPerson] ([Personid], [OrgId], [FirstName], [LastName], [Department], [PersonStatusId]) VALUES (303, 39, N'Luke', N'Fowlie', N'Computing', 1)
GO
print 'Processed 300 total records'
INSERT [dbo].[tblPerson] ([Personid], [OrgId], [FirstName], [LastName], [Department], [PersonStatusId]) VALUES (304, 51, N'Carrie', N'Klass', N'HR', 1)
INSERT [dbo].[tblPerson] ([Personid], [OrgId], [FirstName], [LastName], [Department], [PersonStatusId]) VALUES (305, 11, N'Gurjot', N'Hayatuddini', N'Marketing', 1)
INSERT [dbo].[tblPerson] ([Personid], [OrgId], [FirstName], [LastName], [Department], [PersonStatusId]) VALUES (306, 27, N'Ramakrishnan', N'Eagling', N'Research', 1)
INSERT [dbo].[tblPerson] ([Personid], [OrgId], [FirstName], [LastName], [Department], [PersonStatusId]) VALUES (307, 39, N'Susie', N'Tidman', N'Finance', 1)
INSERT [dbo].[tblPerson] ([Personid], [OrgId], [FirstName], [LastName], [Department], [PersonStatusId]) VALUES (308, 73, N'Barnaby', N'Sheppard', N'Sales', 1)
INSERT [dbo].[tblPerson] ([Personid], [OrgId], [FirstName], [LastName], [Department], [PersonStatusId]) VALUES (309, 76, N'Priscilla', N'Butterfield', N'IT', 1)
INSERT [dbo].[tblPerson] ([Personid], [OrgId], [FirstName], [LastName], [Department], [PersonStatusId]) VALUES (310, 65, N'Shailen', N'Legge', N'Legal', 1)
INSERT [dbo].[tblPerson] ([Personid], [OrgId], [FirstName], [LastName], [Department], [PersonStatusId]) VALUES (311, 51, N'Vivian', N'Abdullah', N'Accounts', 1)
INSERT [dbo].[tblPerson] ([Personid], [OrgId], [FirstName], [LastName], [Department], [PersonStatusId]) VALUES (312, 64, N'Will', N'Gibbon', N'Marketing', 1)
INSERT [dbo].[tblPerson] ([Personid], [OrgId], [FirstName], [LastName], [Department], [PersonStatusId]) VALUES (313, 61, N'Lawrence', N'Gwinn', N'Finance', 1)
INSERT [dbo].[tblPerson] ([Personid], [OrgId], [FirstName], [LastName], [Department], [PersonStatusId]) VALUES (314, 50, N'Toni', N'Twemlow', N'Sales', 1)
INSERT [dbo].[tblPerson] ([Personid], [OrgId], [FirstName], [LastName], [Department], [PersonStatusId]) VALUES (315, 20, N'Miles', N'Bridgett', N'Computing', 2)
INSERT [dbo].[tblPerson] ([Personid], [OrgId], [FirstName], [LastName], [Department], [PersonStatusId]) VALUES (316, 43, N'Nelly', N'Liney', N'Computing', 1)
INSERT [dbo].[tblPerson] ([Personid], [OrgId], [FirstName], [LastName], [Department], [PersonStatusId]) VALUES (317, 25, N'Camilla', N'Cairney', N'Finance', 1)
INSERT [dbo].[tblPerson] ([Personid], [OrgId], [FirstName], [LastName], [Department], [PersonStatusId]) VALUES (318, 52, N'Alasdair', N'Perveen', N'Computing', 1)
INSERT [dbo].[tblPerson] ([Personid], [OrgId], [FirstName], [LastName], [Department], [PersonStatusId]) VALUES (319, 30, N'Karl', N'Wapshott', N'Legal', 1)
INSERT [dbo].[tblPerson] ([Personid], [OrgId], [FirstName], [LastName], [Department], [PersonStatusId]) VALUES (320, 9, N'Joey', N'Aspinall-Bailey', N'Finance', 1)
INSERT [dbo].[tblPerson] ([Personid], [OrgId], [FirstName], [LastName], [Department], [PersonStatusId]) VALUES (321, 61, N'Amjad', N'Huggett', N'Sales', 1)
INSERT [dbo].[tblPerson] ([Personid], [OrgId], [FirstName], [LastName], [Department], [PersonStatusId]) VALUES (322, 72, N'Masuma', N'Dewhurst', N'Legal', 1)
INSERT [dbo].[tblPerson] ([Personid], [OrgId], [FirstName], [LastName], [Department], [PersonStatusId]) VALUES (323, 8, N'Nic', N'Boulton', N'Sales', 1)
INSERT [dbo].[tblPerson] ([Personid], [OrgId], [FirstName], [LastName], [Department], [PersonStatusId]) VALUES (324, 5, N'Dawn', N'Qureshi', N'Finance', 1)
INSERT [dbo].[tblPerson] ([Personid], [OrgId], [FirstName], [LastName], [Department], [PersonStatusId]) VALUES (325, 71, N'Sophie', N'Warner', N'Legal', 1)
INSERT [dbo].[tblPerson] ([Personid], [OrgId], [FirstName], [LastName], [Department], [PersonStatusId]) VALUES (326, 19, N'Manager', N'Blockley', N'Marketing', 1)
INSERT [dbo].[tblPerson] ([Personid], [OrgId], [FirstName], [LastName], [Department], [PersonStatusId]) VALUES (327, 17, N'Enweliku', N'Mirmotahari', N'HR', 1)
INSERT [dbo].[tblPerson] ([Personid], [OrgId], [FirstName], [LastName], [Department], [PersonStatusId]) VALUES (328, 20, N'Hatem', N'Angel', N'Marketing', 1)
INSERT [dbo].[tblPerson] ([Personid], [OrgId], [FirstName], [LastName], [Department], [PersonStatusId]) VALUES (329, 45, N'Shantilal', N'Whitehouse', N'HR', 1)
INSERT [dbo].[tblPerson] ([Personid], [OrgId], [FirstName], [LastName], [Department], [PersonStatusId]) VALUES (330, 1, N'Cherryl', N'Reeves', N'Legal', 1)
INSERT [dbo].[tblPerson] ([Personid], [OrgId], [FirstName], [LastName], [Department], [PersonStatusId]) VALUES (331, 37, N'Mat', N'Wotton', N'Reprographics', 2)
INSERT [dbo].[tblPerson] ([Personid], [OrgId], [FirstName], [LastName], [Department], [PersonStatusId]) VALUES (332, 59, N'Leasa', N'Kenna', N'Finance', 2)
INSERT [dbo].[tblPerson] ([Personid], [OrgId], [FirstName], [LastName], [Department], [PersonStatusId]) VALUES (333, 49, N'Carmen', N'Fenwick', N'Finance', 1)
INSERT [dbo].[tblPerson] ([Personid], [OrgId], [FirstName], [LastName], [Department], [PersonStatusId]) VALUES (334, 70, N'Sarjit', N'Rasheed', N'Finance', 1)
INSERT [dbo].[tblPerson] ([Personid], [OrgId], [FirstName], [LastName], [Department], [PersonStatusId]) VALUES (335, 2, N'Theresa', N'Myrie', N'Reprographics', 1)
INSERT [dbo].[tblPerson] ([Personid], [OrgId], [FirstName], [LastName], [Department], [PersonStatusId]) VALUES (336, 22, N'Alayne', N'Baumeister', N'Legal', 1)
INSERT [dbo].[tblPerson] ([Personid], [OrgId], [FirstName], [LastName], [Department], [PersonStatusId]) VALUES (337, 21, N'Ivor', N'Wardrop', N'Accounts', 1)
INSERT [dbo].[tblPerson] ([Personid], [OrgId], [FirstName], [LastName], [Department], [PersonStatusId]) VALUES (338, 65, N'Kyle', N'Shirtcliffe', N'Finance', 2)
INSERT [dbo].[tblPerson] ([Personid], [OrgId], [FirstName], [LastName], [Department], [PersonStatusId]) VALUES (339, 73, N'Ranjeet', N'Torincsi', N'IT', 1)
INSERT [dbo].[tblPerson] ([Personid], [OrgId], [FirstName], [LastName], [Department], [PersonStatusId]) VALUES (340, 14, N'Dilip', N'Mendoza', N'Computing', 1)
INSERT [dbo].[tblPerson] ([Personid], [OrgId], [FirstName], [LastName], [Department], [PersonStatusId]) VALUES (341, 46, N'Christo', N'Woodvine', N'Legal', 2)
INSERT [dbo].[tblPerson] ([Personid], [OrgId], [FirstName], [LastName], [Department], [PersonStatusId]) VALUES (342, 66, N'Fatima', N'Hanstock', N'Marketing', 1)
INSERT [dbo].[tblPerson] ([Personid], [OrgId], [FirstName], [LastName], [Department], [PersonStatusId]) VALUES (343, 68, N'Caroline', N'Labib', N'Computing', 1)
INSERT [dbo].[tblPerson] ([Personid], [OrgId], [FirstName], [LastName], [Department], [PersonStatusId]) VALUES (344, 33, N'Central', N'Pearsall', N'Finance', 1)
INSERT [dbo].[tblPerson] ([Personid], [OrgId], [FirstName], [LastName], [Department], [PersonStatusId]) VALUES (345, 69, N'Dagmar', N'Gittos', N'Computing', 2)
INSERT [dbo].[tblPerson] ([Personid], [OrgId], [FirstName], [LastName], [Department], [PersonStatusId]) VALUES (346, 1, N'Scott', N'Owens', N'Marketing', 2)
INSERT [dbo].[tblPerson] ([Personid], [OrgId], [FirstName], [LastName], [Department], [PersonStatusId]) VALUES (347, 3, N'Nitu', N'Seabrook', N'Reprographics', 1)
INSERT [dbo].[tblPerson] ([Personid], [OrgId], [FirstName], [LastName], [Department], [PersonStatusId]) VALUES (348, 19, N'Neal', N'Starkie', N'HR', 1)
INSERT [dbo].[tblPerson] ([Personid], [OrgId], [FirstName], [LastName], [Department], [PersonStatusId]) VALUES (349, 40, N'Finn', N'Heriot', N'Sales', 2)
INSERT [dbo].[tblPerson] ([Personid], [OrgId], [FirstName], [LastName], [Department], [PersonStatusId]) VALUES (350, 29, N'Sherdin', N'Savage', N'Legal', 1)
INSERT [dbo].[tblPerson] ([Personid], [OrgId], [FirstName], [LastName], [Department], [PersonStatusId]) VALUES (351, 63, N'Bhavesh', N'Kelloway', N'Computing', 1)
INSERT [dbo].[tblPerson] ([Personid], [OrgId], [FirstName], [LastName], [Department], [PersonStatusId]) VALUES (352, 11, N'Pam', N'Bean', N'Computing', 1)
INSERT [dbo].[tblPerson] ([Personid], [OrgId], [FirstName], [LastName], [Department], [PersonStatusId]) VALUES (353, 26, N'Deepthi', N'Szychowski', N'Legal', 1)
INSERT [dbo].[tblPerson] ([Personid], [OrgId], [FirstName], [LastName], [Department], [PersonStatusId]) VALUES (354, 30, N'Gary', N'Birtles', N'Research', 1)
INSERT [dbo].[tblPerson] ([Personid], [OrgId], [FirstName], [LastName], [Department], [PersonStatusId]) VALUES (355, 47, N'Seema', N'Grundy', N'Research', 1)
INSERT [dbo].[tblPerson] ([Personid], [OrgId], [FirstName], [LastName], [Department], [PersonStatusId]) VALUES (356, 67, N'Adele', N'Train', N'Research', 1)
INSERT [dbo].[tblPerson] ([Personid], [OrgId], [FirstName], [LastName], [Department], [PersonStatusId]) VALUES (357, 74, N'Hilary', N'Stanway', N'Reprographics', 1)
INSERT [dbo].[tblPerson] ([Personid], [OrgId], [FirstName], [LastName], [Department], [PersonStatusId]) VALUES (358, 59, N'Gabriel', N'Khor', N'Finance', 1)
INSERT [dbo].[tblPerson] ([Personid], [OrgId], [FirstName], [LastName], [Department], [PersonStatusId]) VALUES (359, 28, N'Carol', N'Southwart', N'Research', 1)
INSERT [dbo].[tblPerson] ([Personid], [OrgId], [FirstName], [LastName], [Department], [PersonStatusId]) VALUES (360, 49, N'Helene', N'Orr', N'Personnel', 1)
INSERT [dbo].[tblPerson] ([Personid], [OrgId], [FirstName], [LastName], [Department], [PersonStatusId]) VALUES (361, 59, N'Joann', N'Nancolis', N'Finance', 1)
INSERT [dbo].[tblPerson] ([Personid], [OrgId], [FirstName], [LastName], [Department], [PersonStatusId]) VALUES (362, 9, N'Holly', N'Howitt', N'HR', 1)
INSERT [dbo].[tblPerson] ([Personid], [OrgId], [FirstName], [LastName], [Department], [PersonStatusId]) VALUES (363, 13, N'Michala', N'Vial', N'IT', 1)
INSERT [dbo].[tblPerson] ([Personid], [OrgId], [FirstName], [LastName], [Department], [PersonStatusId]) VALUES (364, 75, N'Mohsin', N'Kenny', N'Accounts', 1)
INSERT [dbo].[tblPerson] ([Personid], [OrgId], [FirstName], [LastName], [Department], [PersonStatusId]) VALUES (365, 69, N'Shane', N'Dewhurst', N'Legal', 1)
INSERT [dbo].[tblPerson] ([Personid], [OrgId], [FirstName], [LastName], [Department], [PersonStatusId]) VALUES (366, 55, N'Barbara', N'Parshotam', N'Personnel', 1)
INSERT [dbo].[tblPerson] ([Personid], [OrgId], [FirstName], [LastName], [Department], [PersonStatusId]) VALUES (367, 28, N'Hew', N'Soutar', N'IT', 2)
INSERT [dbo].[tblPerson] ([Personid], [OrgId], [FirstName], [LastName], [Department], [PersonStatusId]) VALUES (368, 50, N'Sandra', N'Pidoux', N'Marketing', 1)
INSERT [dbo].[tblPerson] ([Personid], [OrgId], [FirstName], [LastName], [Department], [PersonStatusId]) VALUES (369, 75, N'Leasa', N'Murray', N'Personnel', 1)
INSERT [dbo].[tblPerson] ([Personid], [OrgId], [FirstName], [LastName], [Department], [PersonStatusId]) VALUES (370, 66, N'Nev', N'Berrill', N'Personnel', 2)
INSERT [dbo].[tblPerson] ([Personid], [OrgId], [FirstName], [LastName], [Department], [PersonStatusId]) VALUES (371, 1, N'Yin', N'Coventry', N'Personnel', 1)
INSERT [dbo].[tblPerson] ([Personid], [OrgId], [FirstName], [LastName], [Department], [PersonStatusId]) VALUES (372, 51, N'Suman', N'Beetham', N'HR', 1)
INSERT [dbo].[tblPerson] ([Personid], [OrgId], [FirstName], [LastName], [Department], [PersonStatusId]) VALUES (373, 69, N'Marcelle', N'Sohal', N'Sales', 2)
INSERT [dbo].[tblPerson] ([Personid], [OrgId], [FirstName], [LastName], [Department], [PersonStatusId]) VALUES (374, 36, N'Lorelei', N'NMIS', N'Reprographics', 1)
INSERT [dbo].[tblPerson] ([Personid], [OrgId], [FirstName], [LastName], [Department], [PersonStatusId]) VALUES (375, 58, N'Asib', N'Olivestone', N'Finance', 1)
INSERT [dbo].[tblPerson] ([Personid], [OrgId], [FirstName], [LastName], [Department], [PersonStatusId]) VALUES (376, 68, N'Caran', N'Bhangu', N'IT', 1)
INSERT [dbo].[tblPerson] ([Personid], [OrgId], [FirstName], [LastName], [Department], [PersonStatusId]) VALUES (377, 47, N'Iqbal', N'Hemus', N'IT', 1)
INSERT [dbo].[tblPerson] ([Personid], [OrgId], [FirstName], [LastName], [Department], [PersonStatusId]) VALUES (378, 56, N'Sis', N'Blay', N'Sales', 1)
INSERT [dbo].[tblPerson] ([Personid], [OrgId], [FirstName], [LastName], [Department], [PersonStatusId]) VALUES (379, 6, N'Taslima', N'Souter', N'IT', 1)
INSERT [dbo].[tblPerson] ([Personid], [OrgId], [FirstName], [LastName], [Department], [PersonStatusId]) VALUES (380, 37, N'Tania', N'Whenlock', N'Special', 1)
INSERT [dbo].[tblPerson] ([Personid], [OrgId], [FirstName], [LastName], [Department], [PersonStatusId]) VALUES (381, 72, N'Julie', N'Nutton', N'Research', 1)
INSERT [dbo].[tblPerson] ([Personid], [OrgId], [FirstName], [LastName], [Department], [PersonStatusId]) VALUES (382, 63, N'Yeliz', N'Essop', N'Marketing', 1)
INSERT [dbo].[tblPerson] ([Personid], [OrgId], [FirstName], [LastName], [Department], [PersonStatusId]) VALUES (383, 13, N'Jared', N'Welsh', N'Sales', 1)
INSERT [dbo].[tblPerson] ([Personid], [OrgId], [FirstName], [LastName], [Department], [PersonStatusId]) VALUES (384, 12, N'Rosalind', N'Pearn', N'Research', 1)
INSERT [dbo].[tblPerson] ([Personid], [OrgId], [FirstName], [LastName], [Department], [PersonStatusId]) VALUES (385, 59, N'Dorothy', N'Cozens', N'Legal', 1)
INSERT [dbo].[tblPerson] ([Personid], [OrgId], [FirstName], [LastName], [Department], [PersonStatusId]) VALUES (386, 8, N'Ryuji', N'Zahoor', N'Accounts', 1)
INSERT [dbo].[tblPerson] ([Personid], [OrgId], [FirstName], [LastName], [Department], [PersonStatusId]) VALUES (387, 40, N'Fiona', N'Duffill', N'IT', 1)
INSERT [dbo].[tblPerson] ([Personid], [OrgId], [FirstName], [LastName], [Department], [PersonStatusId]) VALUES (388, 74, N'Credit', N'Baba', N'Computing', 1)
INSERT [dbo].[tblPerson] ([Personid], [OrgId], [FirstName], [LastName], [Department], [PersonStatusId]) VALUES (389, 25, N'Carima', N'Morse', N'Legal', 1)
INSERT [dbo].[tblPerson] ([Personid], [OrgId], [FirstName], [LastName], [Department], [PersonStatusId]) VALUES (390, 71, N'Stefaan', N'Fullman', N'Personnel', 1)
INSERT [dbo].[tblPerson] ([Personid], [OrgId], [FirstName], [LastName], [Department], [PersonStatusId]) VALUES (391, 41, N'Roy', N'Abdullah', N'Computing', 1)
INSERT [dbo].[tblPerson] ([Personid], [OrgId], [FirstName], [LastName], [Department], [PersonStatusId]) VALUES (392, 8, N'Gwen', N'Deer', N'Finance', 1)
INSERT [dbo].[tblPerson] ([Personid], [OrgId], [FirstName], [LastName], [Department], [PersonStatusId]) VALUES (393, 74, N'Deniz', N'MacKellar', N'Computing', 2)
INSERT [dbo].[tblPerson] ([Personid], [OrgId], [FirstName], [LastName], [Department], [PersonStatusId]) VALUES (394, 66, N'Sylvia', N'Breithaupt', N'Legal', 1)
INSERT [dbo].[tblPerson] ([Personid], [OrgId], [FirstName], [LastName], [Department], [PersonStatusId]) VALUES (395, 18, N'Peggy', N'Keegan', N'Personnel', 1)
INSERT [dbo].[tblPerson] ([Personid], [OrgId], [FirstName], [LastName], [Department], [PersonStatusId]) VALUES (396, 27, N'Dipesh', N'Glendenning', N'IT', 1)
INSERT [dbo].[tblPerson] ([Personid], [OrgId], [FirstName], [LastName], [Department], [PersonStatusId]) VALUES (397, 31, N'Jackie', N'Thrower', N'HR', 1)
INSERT [dbo].[tblPerson] ([Personid], [OrgId], [FirstName], [LastName], [Department], [PersonStatusId]) VALUES (398, 54, N'Rawinder', N'Talbott', N'Legal', 1)
INSERT [dbo].[tblPerson] ([Personid], [OrgId], [FirstName], [LastName], [Department], [PersonStatusId]) VALUES (399, 68, N'Amarjit', N'Torry', N'Marketing', 1)
INSERT [dbo].[tblPerson] ([Personid], [OrgId], [FirstName], [LastName], [Department], [PersonStatusId]) VALUES (400, 24, N'Miroslava', N'Moxham', N'Legal', 1)
INSERT [dbo].[tblPerson] ([Personid], [OrgId], [FirstName], [LastName], [Department], [PersonStatusId]) VALUES (401, 56, N'Shared', N'Gruber', N'IT', 1)
INSERT [dbo].[tblPerson] ([Personid], [OrgId], [FirstName], [LastName], [Department], [PersonStatusId]) VALUES (402, 19, N'Morgan', N'McKintosh', N'IT', 1)
INSERT [dbo].[tblPerson] ([Personid], [OrgId], [FirstName], [LastName], [Department], [PersonStatusId]) VALUES (403, 60, N'Harriet', N'Mittu', N'Computing', 1)
INSERT [dbo].[tblPerson] ([Personid], [OrgId], [FirstName], [LastName], [Department], [PersonStatusId]) VALUES (404, 44, N'Didi', N'Mostyn', N'Personnel', 1)
GO
print 'Processed 400 total records'
INSERT [dbo].[tblPerson] ([Personid], [OrgId], [FirstName], [LastName], [Department], [PersonStatusId]) VALUES (405, 17, N'Jen', N'Burnett', N'Personnel', 1)
INSERT [dbo].[tblPerson] ([Personid], [OrgId], [FirstName], [LastName], [Department], [PersonStatusId]) VALUES (406, 62, N'Sabiha', N'Keil', N'Research', 1)
INSERT [dbo].[tblPerson] ([Personid], [OrgId], [FirstName], [LastName], [Department], [PersonStatusId]) VALUES (407, 75, N'Tasha', N'Kukiewicz', N'Finance', 1)
INSERT [dbo].[tblPerson] ([Personid], [OrgId], [FirstName], [LastName], [Department], [PersonStatusId]) VALUES (408, 56, N'Oshakuade', N'Russell-Stoneham', N'Research', 1)
INSERT [dbo].[tblPerson] ([Personid], [OrgId], [FirstName], [LastName], [Department], [PersonStatusId]) VALUES (409, 63, N'Nivine', N'Everitt', N'HR', 1)
INSERT [dbo].[tblPerson] ([Personid], [OrgId], [FirstName], [LastName], [Department], [PersonStatusId]) VALUES (410, 9, N'Stan', N'Thaker', N'Finance', 1)
INSERT [dbo].[tblPerson] ([Personid], [OrgId], [FirstName], [LastName], [Department], [PersonStatusId]) VALUES (411, 73, N'Kajal', N'McLaughlin', N'Finance', 1)
INSERT [dbo].[tblPerson] ([Personid], [OrgId], [FirstName], [LastName], [Department], [PersonStatusId]) VALUES (412, 50, N'Dagmar', N'Hunt', N'Personnel', 1)
INSERT [dbo].[tblPerson] ([Personid], [OrgId], [FirstName], [LastName], [Department], [PersonStatusId]) VALUES (413, 68, N'Emilia', N'Ramos', N'Legal', 1)
INSERT [dbo].[tblPerson] ([Personid], [OrgId], [FirstName], [LastName], [Department], [PersonStatusId]) VALUES (414, 61, N'Alexander', N'Penfold', N'Reprographics', 1)
INSERT [dbo].[tblPerson] ([Personid], [OrgId], [FirstName], [LastName], [Department], [PersonStatusId]) VALUES (415, 34, N'Pauline', N'Omand', N'Reprographics', 1)
INSERT [dbo].[tblPerson] ([Personid], [OrgId], [FirstName], [LastName], [Department], [PersonStatusId]) VALUES (416, 74, N'Jessica', N'Clements', N'Marketing', 1)
INSERT [dbo].[tblPerson] ([Personid], [OrgId], [FirstName], [LastName], [Department], [PersonStatusId]) VALUES (417, 47, N'Harold', N'MacKellar', N'Marketing', 1)
INSERT [dbo].[tblPerson] ([Personid], [OrgId], [FirstName], [LastName], [Department], [PersonStatusId]) VALUES (418, 40, N'Gurprit', N'Coupe', N'Special', 1)
INSERT [dbo].[tblPerson] ([Personid], [OrgId], [FirstName], [LastName], [Department], [PersonStatusId]) VALUES (419, 11, N'Lyndon', N'Ratledge', N'Sales', 1)
INSERT [dbo].[tblPerson] ([Personid], [OrgId], [FirstName], [LastName], [Department], [PersonStatusId]) VALUES (420, 69, N'Rob', N'Atkins', N'Personnel', 1)
INSERT [dbo].[tblPerson] ([Personid], [OrgId], [FirstName], [LastName], [Department], [PersonStatusId]) VALUES (421, 27, N'Johnathan', N'Saivia', N'Research', 1)
INSERT [dbo].[tblPerson] ([Personid], [OrgId], [FirstName], [LastName], [Department], [PersonStatusId]) VALUES (422, 58, N'Carima', N'Etchells', N'Personnel', 2)
INSERT [dbo].[tblPerson] ([Personid], [OrgId], [FirstName], [LastName], [Department], [PersonStatusId]) VALUES (423, 36, N'Roma', N'Baba', N'Sales', 1)
INSERT [dbo].[tblPerson] ([Personid], [OrgId], [FirstName], [LastName], [Department], [PersonStatusId]) VALUES (424, 61, N'Bartlomiej', N'Bryan', N'HR', 1)
INSERT [dbo].[tblPerson] ([Personid], [OrgId], [FirstName], [LastName], [Department], [PersonStatusId]) VALUES (425, 17, N'Margaret', N'Saggs', N'Research', 1)
INSERT [dbo].[tblPerson] ([Personid], [OrgId], [FirstName], [LastName], [Department], [PersonStatusId]) VALUES (426, 67, N'Mireia', N'Lyon', N'Sales', 1)
INSERT [dbo].[tblPerson] ([Personid], [OrgId], [FirstName], [LastName], [Department], [PersonStatusId]) VALUES (427, 4, N'Madeline', N'Searby', N'Finance', 1)
INSERT [dbo].[tblPerson] ([Personid], [OrgId], [FirstName], [LastName], [Department], [PersonStatusId]) VALUES (428, 47, N'Kevin', N'Mahmood', N'Sales', 2)
INSERT [dbo].[tblPerson] ([Personid], [OrgId], [FirstName], [LastName], [Department], [PersonStatusId]) VALUES (429, 56, N'Robin', N'Amelio', N'Computing', 1)
INSERT [dbo].[tblPerson] ([Personid], [OrgId], [FirstName], [LastName], [Department], [PersonStatusId]) VALUES (430, 47, N'Lynne', N'Robinson-Todd', N'Research', 1)
INSERT [dbo].[tblPerson] ([Personid], [OrgId], [FirstName], [LastName], [Department], [PersonStatusId]) VALUES (431, 41, N'Shane', N'Raisin', N'Reprographics', 1)
INSERT [dbo].[tblPerson] ([Personid], [OrgId], [FirstName], [LastName], [Department], [PersonStatusId]) VALUES (432, 7, N'Beverley', N'Matos', N'Personnel', 1)
INSERT [dbo].[tblPerson] ([Personid], [OrgId], [FirstName], [LastName], [Department], [PersonStatusId]) VALUES (433, 71, N'Jacquie', N'Carstens', N'IT', 1)
INSERT [dbo].[tblPerson] ([Personid], [OrgId], [FirstName], [LastName], [Department], [PersonStatusId]) VALUES (434, 65, N'Marcel', N'Sigler', N'Finance', 1)
INSERT [dbo].[tblPerson] ([Personid], [OrgId], [FirstName], [LastName], [Department], [PersonStatusId]) VALUES (435, 29, N'Adrian', N'Ayache', N'HR', 1)
INSERT [dbo].[tblPerson] ([Personid], [OrgId], [FirstName], [LastName], [Department], [PersonStatusId]) VALUES (436, 38, N'Bert', N'Wierzan', N'Reprographics', 1)
INSERT [dbo].[tblPerson] ([Personid], [OrgId], [FirstName], [LastName], [Department], [PersonStatusId]) VALUES (437, 44, N'Fohzia', N'Todd', N'Accounts', 1)
INSERT [dbo].[tblPerson] ([Personid], [OrgId], [FirstName], [LastName], [Department], [PersonStatusId]) VALUES (438, 9, N'Joan', N'Cool', N'Reprographics', 1)
INSERT [dbo].[tblPerson] ([Personid], [OrgId], [FirstName], [LastName], [Department], [PersonStatusId]) VALUES (439, 30, N'Rheena', N'Simcox', N'Personnel', 1)
INSERT [dbo].[tblPerson] ([Personid], [OrgId], [FirstName], [LastName], [Department], [PersonStatusId]) VALUES (440, 55, N'Kweiki', N'Pilkington', N'Marketing', 1)
INSERT [dbo].[tblPerson] ([Personid], [OrgId], [FirstName], [LastName], [Department], [PersonStatusId]) VALUES (441, 43, N'Rosemarie', N'Ridge', N'IT', 1)
INSERT [dbo].[tblPerson] ([Personid], [OrgId], [FirstName], [LastName], [Department], [PersonStatusId]) VALUES (442, 49, N'Taraneh', N'Monks', N'Computing', 1)
INSERT [dbo].[tblPerson] ([Personid], [OrgId], [FirstName], [LastName], [Department], [PersonStatusId]) VALUES (443, 44, N'Rheena', N'Brian', N'Legal', 1)
INSERT [dbo].[tblPerson] ([Personid], [OrgId], [FirstName], [LastName], [Department], [PersonStatusId]) VALUES (444, 2, N'Rosaline', N'Harmes', N'Research', 1)
INSERT [dbo].[tblPerson] ([Personid], [OrgId], [FirstName], [LastName], [Department], [PersonStatusId]) VALUES (445, 41, N'Vimbayi', N'Priestman', N'Accounts', 2)
INSERT [dbo].[tblPerson] ([Personid], [OrgId], [FirstName], [LastName], [Department], [PersonStatusId]) VALUES (446, 54, N'Claudia', N'Dodoo', N'Computing', 1)
INSERT [dbo].[tblPerson] ([Personid], [OrgId], [FirstName], [LastName], [Department], [PersonStatusId]) VALUES (447, 41, N'Josie', N'Coombes', N'Research', 1)
INSERT [dbo].[tblPerson] ([Personid], [OrgId], [FirstName], [LastName], [Department], [PersonStatusId]) VALUES (448, 7, N'Gabriella', N'Willcock', N'Finance', 1)
INSERT [dbo].[tblPerson] ([Personid], [OrgId], [FirstName], [LastName], [Department], [PersonStatusId]) VALUES (449, 12, N'Darryl', N'Hazelden', N'Personnel', 1)
INSERT [dbo].[tblPerson] ([Personid], [OrgId], [FirstName], [LastName], [Department], [PersonStatusId]) VALUES (450, 57, N'Kate', N'Revie', N'Sales', 1)
INSERT [dbo].[tblPerson] ([Personid], [OrgId], [FirstName], [LastName], [Department], [PersonStatusId]) VALUES (451, 38, N'Shivaun', N'Maggs', N'Special', 1)
INSERT [dbo].[tblPerson] ([Personid], [OrgId], [FirstName], [LastName], [Department], [PersonStatusId]) VALUES (452, 42, N'Haydn', N'Smieert', N'Marketing', 1)
INSERT [dbo].[tblPerson] ([Personid], [OrgId], [FirstName], [LastName], [Department], [PersonStatusId]) VALUES (453, 11, N'Carys', N'Senabulya', N'Accounts', 1)
INSERT [dbo].[tblPerson] ([Personid], [OrgId], [FirstName], [LastName], [Department], [PersonStatusId]) VALUES (454, 53, N'Lorraine', N'Haran', N'Personnel', 1)
INSERT [dbo].[tblPerson] ([Personid], [OrgId], [FirstName], [LastName], [Department], [PersonStatusId]) VALUES (455, 24, N'Janette', N'Kerr', N'Legal', 1)
INSERT [dbo].[tblPerson] ([Personid], [OrgId], [FirstName], [LastName], [Department], [PersonStatusId]) VALUES (456, 64, N'Oksana', N'Tinnelly', N'Reprographics', 1)
INSERT [dbo].[tblPerson] ([Personid], [OrgId], [FirstName], [LastName], [Department], [PersonStatusId]) VALUES (457, 56, N'Solomon', N'Markey', N'Accounts', 1)
INSERT [dbo].[tblPerson] ([Personid], [OrgId], [FirstName], [LastName], [Department], [PersonStatusId]) VALUES (458, 75, N'Emmanouil', N'Deeley', N'Finance', 1)
INSERT [dbo].[tblPerson] ([Personid], [OrgId], [FirstName], [LastName], [Department], [PersonStatusId]) VALUES (459, 65, N'Dorothee', N'Dalby', N'Accounts', 1)
INSERT [dbo].[tblPerson] ([Personid], [OrgId], [FirstName], [LastName], [Department], [PersonStatusId]) VALUES (460, 47, N'Vikki', N'Laubenheimer', N'Marketing', 1)
INSERT [dbo].[tblPerson] ([Personid], [OrgId], [FirstName], [LastName], [Department], [PersonStatusId]) VALUES (461, 20, N'Grenvill', N'Bews', N'Marketing', 1)
INSERT [dbo].[tblPerson] ([Personid], [OrgId], [FirstName], [LastName], [Department], [PersonStatusId]) VALUES (462, 52, N'Shirley', N'Leckey', N'Research', 1)
INSERT [dbo].[tblPerson] ([Personid], [OrgId], [FirstName], [LastName], [Department], [PersonStatusId]) VALUES (463, 30, N'GEOF', N'Purkis', N'Computing', 1)
INSERT [dbo].[tblPerson] ([Personid], [OrgId], [FirstName], [LastName], [Department], [PersonStatusId]) VALUES (464, 31, N'Rosemary', N'Cunliffe', N'IT', 1)
INSERT [dbo].[tblPerson] ([Personid], [OrgId], [FirstName], [LastName], [Department], [PersonStatusId]) VALUES (465, 39, N'Jasbir', N'Lowe', N'HR', 1)
INSERT [dbo].[tblPerson] ([Personid], [OrgId], [FirstName], [LastName], [Department], [PersonStatusId]) VALUES (466, 37, N'Manish', N'Banfield', N'HR', 1)
INSERT [dbo].[tblPerson] ([Personid], [OrgId], [FirstName], [LastName], [Department], [PersonStatusId]) VALUES (467, 31, N'Pinder', N'Prideaux', N'Legal', 1)
INSERT [dbo].[tblPerson] ([Personid], [OrgId], [FirstName], [LastName], [Department], [PersonStatusId]) VALUES (468, 4, N'Graduate', N'McMinn', N'Computing', 1)
INSERT [dbo].[tblPerson] ([Personid], [OrgId], [FirstName], [LastName], [Department], [PersonStatusId]) VALUES (469, 65, N'Lilias', N'Reddington', N'Reprographics', 1)
INSERT [dbo].[tblPerson] ([Personid], [OrgId], [FirstName], [LastName], [Department], [PersonStatusId]) VALUES (470, 49, N'Leaenda', N'Joan', N'Finance', 1)
INSERT [dbo].[tblPerson] ([Personid], [OrgId], [FirstName], [LastName], [Department], [PersonStatusId]) VALUES (471, 4, N'Gulsen', N'McIlree', N'IT', 1)
INSERT [dbo].[tblPerson] ([Personid], [OrgId], [FirstName], [LastName], [Department], [PersonStatusId]) VALUES (472, 47, N'Gordon', N'Newman', N'Finance', 1)
INSERT [dbo].[tblPerson] ([Personid], [OrgId], [FirstName], [LastName], [Department], [PersonStatusId]) VALUES (473, 9, N'Pauline', N'MacFarquhar', N'Legal', 1)
INSERT [dbo].[tblPerson] ([Personid], [OrgId], [FirstName], [LastName], [Department], [PersonStatusId]) VALUES (474, 69, N'Randy', N'Harmon', N'HR', 1)
INSERT [dbo].[tblPerson] ([Personid], [OrgId], [FirstName], [LastName], [Department], [PersonStatusId]) VALUES (475, 45, N'Philipp', N'O''Loughlin', N'Marketing', 1)
INSERT [dbo].[tblPerson] ([Personid], [OrgId], [FirstName], [LastName], [Department], [PersonStatusId]) VALUES (476, 1, N'Mohan', N'Bullman', N'HR', 1)
INSERT [dbo].[tblPerson] ([Personid], [OrgId], [FirstName], [LastName], [Department], [PersonStatusId]) VALUES (477, 33, N'Ele', N'Scurrah', N'Sales', 1)
INSERT [dbo].[tblPerson] ([Personid], [OrgId], [FirstName], [LastName], [Department], [PersonStatusId]) VALUES (478, 24, N'Simrat', N'Cavanagh', N'Reprographics', 1)
INSERT [dbo].[tblPerson] ([Personid], [OrgId], [FirstName], [LastName], [Department], [PersonStatusId]) VALUES (479, 8, N'Caroline', N'Growdon', N'Accounts', 1)
INSERT [dbo].[tblPerson] ([Personid], [OrgId], [FirstName], [LastName], [Department], [PersonStatusId]) VALUES (480, 5, N'Garima', N'Lamb', N'Special', 1)
INSERT [dbo].[tblPerson] ([Personid], [OrgId], [FirstName], [LastName], [Department], [PersonStatusId]) VALUES (481, 55, N'Sandie', N'Gibson', N'Marketing', 1)
INSERT [dbo].[tblPerson] ([Personid], [OrgId], [FirstName], [LastName], [Department], [PersonStatusId]) VALUES (482, 19, N'Vasanti', N'Paternoster', N'Sales', 1)
INSERT [dbo].[tblPerson] ([Personid], [OrgId], [FirstName], [LastName], [Department], [PersonStatusId]) VALUES (483, 63, N'Arlene', N'Muir', N'Personnel', 2)
INSERT [dbo].[tblPerson] ([Personid], [OrgId], [FirstName], [LastName], [Department], [PersonStatusId]) VALUES (484, 51, N'Tasleem', N'Mekwi', N'Legal', 2)
INSERT [dbo].[tblPerson] ([Personid], [OrgId], [FirstName], [LastName], [Department], [PersonStatusId]) VALUES (485, 57, N'Phyll', N'Setty', N'IT', 2)
INSERT [dbo].[tblPerson] ([Personid], [OrgId], [FirstName], [LastName], [Department], [PersonStatusId]) VALUES (486, 25, N'Melinda', N'Wilmot', N'Computing', 1)
INSERT [dbo].[tblPerson] ([Personid], [OrgId], [FirstName], [LastName], [Department], [PersonStatusId]) VALUES (487, 15, N'Oscar', N'Birtley', N'Finance', 1)
INSERT [dbo].[tblPerson] ([Personid], [OrgId], [FirstName], [LastName], [Department], [PersonStatusId]) VALUES (488, 54, N'Marie-Anne', N'Dubsky', N'Sales', 1)
INSERT [dbo].[tblPerson] ([Personid], [OrgId], [FirstName], [LastName], [Department], [PersonStatusId]) VALUES (489, 66, N'Eliza', N'Barrass', N'Personnel', 1)
INSERT [dbo].[tblPerson] ([Personid], [OrgId], [FirstName], [LastName], [Department], [PersonStatusId]) VALUES (490, 75, N'Joyce', N'Kemp', N'Reprographics', 1)
INSERT [dbo].[tblPerson] ([Personid], [OrgId], [FirstName], [LastName], [Department], [PersonStatusId]) VALUES (491, 25, N'Mujahid', N'Pihourquet', N'Finance', 1)
INSERT [dbo].[tblPerson] ([Personid], [OrgId], [FirstName], [LastName], [Department], [PersonStatusId]) VALUES (492, 45, N'Evgenios', N'Humphrey', N'Research', 1)
INSERT [dbo].[tblPerson] ([Personid], [OrgId], [FirstName], [LastName], [Department], [PersonStatusId]) VALUES (493, 3, N'Fenja', N'Flaherty', N'Legal', 1)
INSERT [dbo].[tblPerson] ([Personid], [OrgId], [FirstName], [LastName], [Department], [PersonStatusId]) VALUES (494, 6, N'Olga', N'Pill', N'IT', 1)
INSERT [dbo].[tblPerson] ([Personid], [OrgId], [FirstName], [LastName], [Department], [PersonStatusId]) VALUES (495, 27, N'Merica', N'Hollingshead', N'Sales', 1)
INSERT [dbo].[tblPerson] ([Personid], [OrgId], [FirstName], [LastName], [Department], [PersonStatusId]) VALUES (496, 58, N'Pascal', N'Hepburn', N'Special', 1)
INSERT [dbo].[tblPerson] ([Personid], [OrgId], [FirstName], [LastName], [Department], [PersonStatusId]) VALUES (497, 27, N'Yakoob', N'Hooper', N'IT', 1)
INSERT [dbo].[tblPerson] ([Personid], [OrgId], [FirstName], [LastName], [Department], [PersonStatusId]) VALUES (498, 69, N'Katharina', N'Bracey', N'Marketing', 1)
INSERT [dbo].[tblPerson] ([Personid], [OrgId], [FirstName], [LastName], [Department], [PersonStatusId]) VALUES (499, 44, N'Nasir', N'McAlinden', N'Marketing', 1)
INSERT [dbo].[tblPerson] ([Personid], [OrgId], [FirstName], [LastName], [Department], [PersonStatusId]) VALUES (500, 66, N'Abigail', N'Bouquet', N'Legal', 1)
INSERT [dbo].[tblPerson] ([Personid], [OrgId], [FirstName], [LastName], [Department], [PersonStatusId]) VALUES (501, 70, N'Alon', N'Crompton', N'IT', 1)
INSERT [dbo].[tblPerson] ([Personid], [OrgId], [FirstName], [LastName], [Department], [PersonStatusId]) VALUES (502, 70, N'Florence', N'Tang', N'Reprographics', 1)
INSERT [dbo].[tblPerson] ([Personid], [OrgId], [FirstName], [LastName], [Department], [PersonStatusId]) VALUES (503, 70, N'Mario', N'Shelvey', N'Personnel', 1)
INSERT [dbo].[tblPerson] ([Personid], [OrgId], [FirstName], [LastName], [Department], [PersonStatusId]) VALUES (504, 56, N'Sophie', N'Nurmetova', N'Personnel', 1)
INSERT [dbo].[tblPerson] ([Personid], [OrgId], [FirstName], [LastName], [Department], [PersonStatusId]) VALUES (505, 51, N'Olufemi', N'Waterfield', N'HR', 1)
GO
print 'Processed 500 total records'
INSERT [dbo].[tblPerson] ([Personid], [OrgId], [FirstName], [LastName], [Department], [PersonStatusId]) VALUES (506, 28, N'Lydia', N'Gleave', N'HR', 1)
INSERT [dbo].[tblPerson] ([Personid], [OrgId], [FirstName], [LastName], [Department], [PersonStatusId]) VALUES (507, 16, N'Shiela', N'Strobech', N'Computing', 1)
INSERT [dbo].[tblPerson] ([Personid], [OrgId], [FirstName], [LastName], [Department], [PersonStatusId]) VALUES (508, 74, N'Nayan', N'Ferry', N'Computing', 1)
INSERT [dbo].[tblPerson] ([Personid], [OrgId], [FirstName], [LastName], [Department], [PersonStatusId]) VALUES (509, 16, N'Gursharan', N'Walker', N'Reprographics', 1)
INSERT [dbo].[tblPerson] ([Personid], [OrgId], [FirstName], [LastName], [Department], [PersonStatusId]) VALUES (510, 10, N'Aiden', N'Tonge', N'IT', 1)
INSERT [dbo].[tblPerson] ([Personid], [OrgId], [FirstName], [LastName], [Department], [PersonStatusId]) VALUES (511, 51, N'Mehmood', N'Yardley', N'Computing', 1)
INSERT [dbo].[tblPerson] ([Personid], [OrgId], [FirstName], [LastName], [Department], [PersonStatusId]) VALUES (512, 61, N'Gina', N'Ranson', N'Sales', 1)
INSERT [dbo].[tblPerson] ([Personid], [OrgId], [FirstName], [LastName], [Department], [PersonStatusId]) VALUES (513, 31, N'Mandeep', N'Graham', N'IT', 1)
INSERT [dbo].[tblPerson] ([Personid], [OrgId], [FirstName], [LastName], [Department], [PersonStatusId]) VALUES (514, 42, N'Kashfa', N'Garfield', N'Personnel', 1)
INSERT [dbo].[tblPerson] ([Personid], [OrgId], [FirstName], [LastName], [Department], [PersonStatusId]) VALUES (515, 64, N'Trent', N'Swann', N'Marketing', 2)
INSERT [dbo].[tblPerson] ([Personid], [OrgId], [FirstName], [LastName], [Department], [PersonStatusId]) VALUES (516, 47, N'Jaz', N'Huynh', N'Finance', 1)
INSERT [dbo].[tblPerson] ([Personid], [OrgId], [FirstName], [LastName], [Department], [PersonStatusId]) VALUES (517, 16, N'Adebayo', N'Kothary', N'Marketing', 1)
INSERT [dbo].[tblPerson] ([Personid], [OrgId], [FirstName], [LastName], [Department], [PersonStatusId]) VALUES (518, 67, N'Marina', N'Mann', N'Marketing', 2)
INSERT [dbo].[tblPerson] ([Personid], [OrgId], [FirstName], [LastName], [Department], [PersonStatusId]) VALUES (519, 32, N'Thomas', N'Churchill', N'Sales', 1)
INSERT [dbo].[tblPerson] ([Personid], [OrgId], [FirstName], [LastName], [Department], [PersonStatusId]) VALUES (520, 69, N'Katharina', N'Perrin', N'Computing', 1)
INSERT [dbo].[tblPerson] ([Personid], [OrgId], [FirstName], [LastName], [Department], [PersonStatusId]) VALUES (521, 23, N'Kirsty', N'Alston', N'Sales', 1)
INSERT [dbo].[tblPerson] ([Personid], [OrgId], [FirstName], [LastName], [Department], [PersonStatusId]) VALUES (522, 60, N'Marlyn', N'Nicks', N'HR', 1)
INSERT [dbo].[tblPerson] ([Personid], [OrgId], [FirstName], [LastName], [Department], [PersonStatusId]) VALUES (523, 10, N'Bev', N'Romain', N'Sales', 1)
INSERT [dbo].[tblPerson] ([Personid], [OrgId], [FirstName], [LastName], [Department], [PersonStatusId]) VALUES (524, 5, N'Barbara', N'Delaney', N'Accounts', 1)
INSERT [dbo].[tblPerson] ([Personid], [OrgId], [FirstName], [LastName], [Department], [PersonStatusId]) VALUES (525, 4, N'Poppy', N'Neil', N'Reprographics', 1)
SET IDENTITY_INSERT [dbo].[tblPerson] OFF
/****** Object:  Table [dbo].[tblDelegate]    Script Date: 02/08/2010 09:47:28 ******/
SET ANSI_NULLS ON
GO
SET QUOTED_IDENTIFIER ON
GO
CREATE TABLE [dbo].[tblDelegate](
	[DelegateId] [int] IDENTITY(1,1) NOT NULL,
	[ScheduleId] [int] NULL,
	[PersonId] [int] NULL,
 CONSTRAINT [PK_tblDelegate_1] PRIMARY KEY CLUSTERED 
(
	[DelegateId] ASC
)WITH (PAD_INDEX  = OFF, STATISTICS_NORECOMPUTE  = OFF, IGNORE_DUP_KEY = OFF, ALLOW_ROW_LOCKS  = ON, ALLOW_PAGE_LOCKS  = ON) ON [PRIMARY]
) ON [PRIMARY]
GO
CREATE UNIQUE NONCLUSTERED INDEX [IX_tblDelegate] ON [dbo].[tblDelegate] 
(
	[PersonId] ASC,
	[ScheduleId] ASC
)WITH (PAD_INDEX  = OFF, STATISTICS_NORECOMPUTE  = OFF, SORT_IN_TEMPDB = OFF, IGNORE_DUP_KEY = OFF, DROP_EXISTING = OFF, ONLINE = OFF, ALLOW_ROW_LOCKS  = ON, ALLOW_PAGE_LOCKS  = ON) ON [PRIMARY]
GO
SET IDENTITY_INSERT [dbo].[tblDelegate] ON
INSERT [dbo].[tblDelegate] ([DelegateId], [ScheduleId], [PersonId]) VALUES (1, 77, 1)
INSERT [dbo].[tblDelegate] ([DelegateId], [ScheduleId], [PersonId]) VALUES (2, 165, 1)
INSERT [dbo].[tblDelegate] ([DelegateId], [ScheduleId], [PersonId]) VALUES (3, 53, 2)
INSERT [dbo].[tblDelegate] ([DelegateId], [ScheduleId], [PersonId]) VALUES (4, 165, 2)
INSERT [dbo].[tblDelegate] ([DelegateId], [ScheduleId], [PersonId]) VALUES (5, 194, 2)
INSERT [dbo].[tblDelegate] ([DelegateId], [ScheduleId], [PersonId]) VALUES (6, 3, 3)
INSERT [dbo].[tblDelegate] ([DelegateId], [ScheduleId], [PersonId]) VALUES (7, 159, 3)
INSERT [dbo].[tblDelegate] ([DelegateId], [ScheduleId], [PersonId]) VALUES (8, 164, 3)
INSERT [dbo].[tblDelegate] ([DelegateId], [ScheduleId], [PersonId]) VALUES (9, 189, 3)
INSERT [dbo].[tblDelegate] ([DelegateId], [ScheduleId], [PersonId]) VALUES (10, 100, 6)
INSERT [dbo].[tblDelegate] ([DelegateId], [ScheduleId], [PersonId]) VALUES (11, 11, 7)
INSERT [dbo].[tblDelegate] ([DelegateId], [ScheduleId], [PersonId]) VALUES (12, 84, 7)
INSERT [dbo].[tblDelegate] ([DelegateId], [ScheduleId], [PersonId]) VALUES (13, 95, 7)
INSERT [dbo].[tblDelegate] ([DelegateId], [ScheduleId], [PersonId]) VALUES (14, 100, 7)
INSERT [dbo].[tblDelegate] ([DelegateId], [ScheduleId], [PersonId]) VALUES (15, 49, 9)
INSERT [dbo].[tblDelegate] ([DelegateId], [ScheduleId], [PersonId]) VALUES (16, 58, 9)
INSERT [dbo].[tblDelegate] ([DelegateId], [ScheduleId], [PersonId]) VALUES (17, 78, 11)
INSERT [dbo].[tblDelegate] ([DelegateId], [ScheduleId], [PersonId]) VALUES (18, 114, 11)
INSERT [dbo].[tblDelegate] ([DelegateId], [ScheduleId], [PersonId]) VALUES (19, 133, 11)
INSERT [dbo].[tblDelegate] ([DelegateId], [ScheduleId], [PersonId]) VALUES (20, 14, 12)
INSERT [dbo].[tblDelegate] ([DelegateId], [ScheduleId], [PersonId]) VALUES (21, 115, 12)
INSERT [dbo].[tblDelegate] ([DelegateId], [ScheduleId], [PersonId]) VALUES (22, 133, 13)
INSERT [dbo].[tblDelegate] ([DelegateId], [ScheduleId], [PersonId]) VALUES (23, 161, 13)
INSERT [dbo].[tblDelegate] ([DelegateId], [ScheduleId], [PersonId]) VALUES (24, 39, 14)
INSERT [dbo].[tblDelegate] ([DelegateId], [ScheduleId], [PersonId]) VALUES (25, 121, 15)
INSERT [dbo].[tblDelegate] ([DelegateId], [ScheduleId], [PersonId]) VALUES (26, 173, 15)
INSERT [dbo].[tblDelegate] ([DelegateId], [ScheduleId], [PersonId]) VALUES (27, 50, 16)
INSERT [dbo].[tblDelegate] ([DelegateId], [ScheduleId], [PersonId]) VALUES (28, 51, 16)
INSERT [dbo].[tblDelegate] ([DelegateId], [ScheduleId], [PersonId]) VALUES (29, 92, 16)
INSERT [dbo].[tblDelegate] ([DelegateId], [ScheduleId], [PersonId]) VALUES (30, 103, 16)
INSERT [dbo].[tblDelegate] ([DelegateId], [ScheduleId], [PersonId]) VALUES (31, 72, 17)
INSERT [dbo].[tblDelegate] ([DelegateId], [ScheduleId], [PersonId]) VALUES (32, 145, 17)
INSERT [dbo].[tblDelegate] ([DelegateId], [ScheduleId], [PersonId]) VALUES (33, 73, 18)
INSERT [dbo].[tblDelegate] ([DelegateId], [ScheduleId], [PersonId]) VALUES (34, 72, 20)
INSERT [dbo].[tblDelegate] ([DelegateId], [ScheduleId], [PersonId]) VALUES (35, 120, 20)
INSERT [dbo].[tblDelegate] ([DelegateId], [ScheduleId], [PersonId]) VALUES (36, 187, 20)
INSERT [dbo].[tblDelegate] ([DelegateId], [ScheduleId], [PersonId]) VALUES (37, 23, 22)
INSERT [dbo].[tblDelegate] ([DelegateId], [ScheduleId], [PersonId]) VALUES (38, 33, 23)
INSERT [dbo].[tblDelegate] ([DelegateId], [ScheduleId], [PersonId]) VALUES (39, 68, 24)
INSERT [dbo].[tblDelegate] ([DelegateId], [ScheduleId], [PersonId]) VALUES (40, 97, 24)
INSERT [dbo].[tblDelegate] ([DelegateId], [ScheduleId], [PersonId]) VALUES (41, 194, 24)
INSERT [dbo].[tblDelegate] ([DelegateId], [ScheduleId], [PersonId]) VALUES (42, 132, 25)
INSERT [dbo].[tblDelegate] ([DelegateId], [ScheduleId], [PersonId]) VALUES (43, 1, 27)
INSERT [dbo].[tblDelegate] ([DelegateId], [ScheduleId], [PersonId]) VALUES (44, 69, 27)
INSERT [dbo].[tblDelegate] ([DelegateId], [ScheduleId], [PersonId]) VALUES (45, 62, 29)
INSERT [dbo].[tblDelegate] ([DelegateId], [ScheduleId], [PersonId]) VALUES (46, 132, 29)
INSERT [dbo].[tblDelegate] ([DelegateId], [ScheduleId], [PersonId]) VALUES (47, 146, 29)
INSERT [dbo].[tblDelegate] ([DelegateId], [ScheduleId], [PersonId]) VALUES (48, 53, 30)
INSERT [dbo].[tblDelegate] ([DelegateId], [ScheduleId], [PersonId]) VALUES (49, 66, 31)
INSERT [dbo].[tblDelegate] ([DelegateId], [ScheduleId], [PersonId]) VALUES (50, 141, 31)
INSERT [dbo].[tblDelegate] ([DelegateId], [ScheduleId], [PersonId]) VALUES (51, 164, 32)
INSERT [dbo].[tblDelegate] ([DelegateId], [ScheduleId], [PersonId]) VALUES (52, 48, 34)
INSERT [dbo].[tblDelegate] ([DelegateId], [ScheduleId], [PersonId]) VALUES (53, 64, 34)
INSERT [dbo].[tblDelegate] ([DelegateId], [ScheduleId], [PersonId]) VALUES (54, 93, 34)
INSERT [dbo].[tblDelegate] ([DelegateId], [ScheduleId], [PersonId]) VALUES (55, 110, 34)
INSERT [dbo].[tblDelegate] ([DelegateId], [ScheduleId], [PersonId]) VALUES (56, 116, 34)
INSERT [dbo].[tblDelegate] ([DelegateId], [ScheduleId], [PersonId]) VALUES (57, 188, 34)
INSERT [dbo].[tblDelegate] ([DelegateId], [ScheduleId], [PersonId]) VALUES (58, 70, 35)
INSERT [dbo].[tblDelegate] ([DelegateId], [ScheduleId], [PersonId]) VALUES (59, 160, 35)
INSERT [dbo].[tblDelegate] ([DelegateId], [ScheduleId], [PersonId]) VALUES (60, 112, 38)
INSERT [dbo].[tblDelegate] ([DelegateId], [ScheduleId], [PersonId]) VALUES (61, 41, 39)
INSERT [dbo].[tblDelegate] ([DelegateId], [ScheduleId], [PersonId]) VALUES (62, 47, 39)
INSERT [dbo].[tblDelegate] ([DelegateId], [ScheduleId], [PersonId]) VALUES (63, 87, 39)
INSERT [dbo].[tblDelegate] ([DelegateId], [ScheduleId], [PersonId]) VALUES (64, 25, 40)
INSERT [dbo].[tblDelegate] ([DelegateId], [ScheduleId], [PersonId]) VALUES (65, 30, 41)
INSERT [dbo].[tblDelegate] ([DelegateId], [ScheduleId], [PersonId]) VALUES (66, 121, 42)
INSERT [dbo].[tblDelegate] ([DelegateId], [ScheduleId], [PersonId]) VALUES (67, 141, 42)
INSERT [dbo].[tblDelegate] ([DelegateId], [ScheduleId], [PersonId]) VALUES (68, 142, 42)
INSERT [dbo].[tblDelegate] ([DelegateId], [ScheduleId], [PersonId]) VALUES (69, 162, 42)
INSERT [dbo].[tblDelegate] ([DelegateId], [ScheduleId], [PersonId]) VALUES (70, 11, 43)
INSERT [dbo].[tblDelegate] ([DelegateId], [ScheduleId], [PersonId]) VALUES (71, 71, 44)
INSERT [dbo].[tblDelegate] ([DelegateId], [ScheduleId], [PersonId]) VALUES (72, 116, 44)
INSERT [dbo].[tblDelegate] ([DelegateId], [ScheduleId], [PersonId]) VALUES (73, 50, 45)
INSERT [dbo].[tblDelegate] ([DelegateId], [ScheduleId], [PersonId]) VALUES (74, 147, 46)
INSERT [dbo].[tblDelegate] ([DelegateId], [ScheduleId], [PersonId]) VALUES (75, 153, 46)
INSERT [dbo].[tblDelegate] ([DelegateId], [ScheduleId], [PersonId]) VALUES (76, 8, 47)
INSERT [dbo].[tblDelegate] ([DelegateId], [ScheduleId], [PersonId]) VALUES (77, 156, 50)
INSERT [dbo].[tblDelegate] ([DelegateId], [ScheduleId], [PersonId]) VALUES (78, 160, 50)
INSERT [dbo].[tblDelegate] ([DelegateId], [ScheduleId], [PersonId]) VALUES (79, 4, 51)
INSERT [dbo].[tblDelegate] ([DelegateId], [ScheduleId], [PersonId]) VALUES (80, 94, 51)
INSERT [dbo].[tblDelegate] ([DelegateId], [ScheduleId], [PersonId]) VALUES (81, 172, 52)
INSERT [dbo].[tblDelegate] ([DelegateId], [ScheduleId], [PersonId]) VALUES (82, 59, 53)
INSERT [dbo].[tblDelegate] ([DelegateId], [ScheduleId], [PersonId]) VALUES (83, 45, 54)
INSERT [dbo].[tblDelegate] ([DelegateId], [ScheduleId], [PersonId]) VALUES (84, 135, 55)
INSERT [dbo].[tblDelegate] ([DelegateId], [ScheduleId], [PersonId]) VALUES (85, 158, 55)
INSERT [dbo].[tblDelegate] ([DelegateId], [ScheduleId], [PersonId]) VALUES (86, 42, 56)
INSERT [dbo].[tblDelegate] ([DelegateId], [ScheduleId], [PersonId]) VALUES (87, 51, 56)
INSERT [dbo].[tblDelegate] ([DelegateId], [ScheduleId], [PersonId]) VALUES (88, 22, 57)
INSERT [dbo].[tblDelegate] ([DelegateId], [ScheduleId], [PersonId]) VALUES (89, 107, 57)
INSERT [dbo].[tblDelegate] ([DelegateId], [ScheduleId], [PersonId]) VALUES (90, 125, 57)
INSERT [dbo].[tblDelegate] ([DelegateId], [ScheduleId], [PersonId]) VALUES (91, 195, 57)
INSERT [dbo].[tblDelegate] ([DelegateId], [ScheduleId], [PersonId]) VALUES (92, 99, 58)
INSERT [dbo].[tblDelegate] ([DelegateId], [ScheduleId], [PersonId]) VALUES (93, 4, 59)
INSERT [dbo].[tblDelegate] ([DelegateId], [ScheduleId], [PersonId]) VALUES (94, 56, 59)
INSERT [dbo].[tblDelegate] ([DelegateId], [ScheduleId], [PersonId]) VALUES (95, 78, 60)
INSERT [dbo].[tblDelegate] ([DelegateId], [ScheduleId], [PersonId]) VALUES (96, 153, 63)
INSERT [dbo].[tblDelegate] ([DelegateId], [ScheduleId], [PersonId]) VALUES (97, 7, 64)
INSERT [dbo].[tblDelegate] ([DelegateId], [ScheduleId], [PersonId]) VALUES (98, 12, 66)
INSERT [dbo].[tblDelegate] ([DelegateId], [ScheduleId], [PersonId]) VALUES (99, 83, 67)
INSERT [dbo].[tblDelegate] ([DelegateId], [ScheduleId], [PersonId]) VALUES (100, 140, 68)
GO
print 'Processed 100 total records'
INSERT [dbo].[tblDelegate] ([DelegateId], [ScheduleId], [PersonId]) VALUES (101, 152, 68)
INSERT [dbo].[tblDelegate] ([DelegateId], [ScheduleId], [PersonId]) VALUES (102, 144, 69)
INSERT [dbo].[tblDelegate] ([DelegateId], [ScheduleId], [PersonId]) VALUES (103, 193, 69)
INSERT [dbo].[tblDelegate] ([DelegateId], [ScheduleId], [PersonId]) VALUES (104, 184, 71)
INSERT [dbo].[tblDelegate] ([DelegateId], [ScheduleId], [PersonId]) VALUES (105, 10, 72)
INSERT [dbo].[tblDelegate] ([DelegateId], [ScheduleId], [PersonId]) VALUES (106, 86, 72)
INSERT [dbo].[tblDelegate] ([DelegateId], [ScheduleId], [PersonId]) VALUES (107, 68, 73)
INSERT [dbo].[tblDelegate] ([DelegateId], [ScheduleId], [PersonId]) VALUES (108, 156, 74)
INSERT [dbo].[tblDelegate] ([DelegateId], [ScheduleId], [PersonId]) VALUES (109, 43, 75)
INSERT [dbo].[tblDelegate] ([DelegateId], [ScheduleId], [PersonId]) VALUES (110, 47, 75)
INSERT [dbo].[tblDelegate] ([DelegateId], [ScheduleId], [PersonId]) VALUES (111, 144, 75)
INSERT [dbo].[tblDelegate] ([DelegateId], [ScheduleId], [PersonId]) VALUES (112, 71, 76)
INSERT [dbo].[tblDelegate] ([DelegateId], [ScheduleId], [PersonId]) VALUES (113, 111, 76)
INSERT [dbo].[tblDelegate] ([DelegateId], [ScheduleId], [PersonId]) VALUES (114, 20, 77)
INSERT [dbo].[tblDelegate] ([DelegateId], [ScheduleId], [PersonId]) VALUES (115, 108, 78)
INSERT [dbo].[tblDelegate] ([DelegateId], [ScheduleId], [PersonId]) VALUES (116, 51, 79)
INSERT [dbo].[tblDelegate] ([DelegateId], [ScheduleId], [PersonId]) VALUES (117, 166, 79)
INSERT [dbo].[tblDelegate] ([DelegateId], [ScheduleId], [PersonId]) VALUES (118, 109, 82)
INSERT [dbo].[tblDelegate] ([DelegateId], [ScheduleId], [PersonId]) VALUES (119, 129, 82)
INSERT [dbo].[tblDelegate] ([DelegateId], [ScheduleId], [PersonId]) VALUES (120, 148, 82)
INSERT [dbo].[tblDelegate] ([DelegateId], [ScheduleId], [PersonId]) VALUES (121, 19, 85)
INSERT [dbo].[tblDelegate] ([DelegateId], [ScheduleId], [PersonId]) VALUES (122, 36, 85)
INSERT [dbo].[tblDelegate] ([DelegateId], [ScheduleId], [PersonId]) VALUES (123, 96, 86)
INSERT [dbo].[tblDelegate] ([DelegateId], [ScheduleId], [PersonId]) VALUES (124, 109, 86)
INSERT [dbo].[tblDelegate] ([DelegateId], [ScheduleId], [PersonId]) VALUES (125, 185, 86)
INSERT [dbo].[tblDelegate] ([DelegateId], [ScheduleId], [PersonId]) VALUES (126, 2, 87)
INSERT [dbo].[tblDelegate] ([DelegateId], [ScheduleId], [PersonId]) VALUES (127, 72, 89)
INSERT [dbo].[tblDelegate] ([DelegateId], [ScheduleId], [PersonId]) VALUES (128, 137, 89)
INSERT [dbo].[tblDelegate] ([DelegateId], [ScheduleId], [PersonId]) VALUES (129, 113, 90)
INSERT [dbo].[tblDelegate] ([DelegateId], [ScheduleId], [PersonId]) VALUES (130, 36, 91)
INSERT [dbo].[tblDelegate] ([DelegateId], [ScheduleId], [PersonId]) VALUES (131, 73, 91)
INSERT [dbo].[tblDelegate] ([DelegateId], [ScheduleId], [PersonId]) VALUES (132, 150, 91)
INSERT [dbo].[tblDelegate] ([DelegateId], [ScheduleId], [PersonId]) VALUES (133, 149, 93)
INSERT [dbo].[tblDelegate] ([DelegateId], [ScheduleId], [PersonId]) VALUES (134, 152, 93)
INSERT [dbo].[tblDelegate] ([DelegateId], [ScheduleId], [PersonId]) VALUES (135, 31, 94)
INSERT [dbo].[tblDelegate] ([DelegateId], [ScheduleId], [PersonId]) VALUES (136, 64, 95)
INSERT [dbo].[tblDelegate] ([DelegateId], [ScheduleId], [PersonId]) VALUES (137, 174, 98)
INSERT [dbo].[tblDelegate] ([DelegateId], [ScheduleId], [PersonId]) VALUES (138, 68, 99)
INSERT [dbo].[tblDelegate] ([DelegateId], [ScheduleId], [PersonId]) VALUES (139, 132, 100)
INSERT [dbo].[tblDelegate] ([DelegateId], [ScheduleId], [PersonId]) VALUES (140, 61, 101)
INSERT [dbo].[tblDelegate] ([DelegateId], [ScheduleId], [PersonId]) VALUES (141, 75, 101)
INSERT [dbo].[tblDelegate] ([DelegateId], [ScheduleId], [PersonId]) VALUES (142, 76, 101)
INSERT [dbo].[tblDelegate] ([DelegateId], [ScheduleId], [PersonId]) VALUES (143, 85, 101)
INSERT [dbo].[tblDelegate] ([DelegateId], [ScheduleId], [PersonId]) VALUES (144, 178, 101)
INSERT [dbo].[tblDelegate] ([DelegateId], [ScheduleId], [PersonId]) VALUES (145, 195, 101)
INSERT [dbo].[tblDelegate] ([DelegateId], [ScheduleId], [PersonId]) VALUES (146, 64, 102)
INSERT [dbo].[tblDelegate] ([DelegateId], [ScheduleId], [PersonId]) VALUES (147, 70, 102)
INSERT [dbo].[tblDelegate] ([DelegateId], [ScheduleId], [PersonId]) VALUES (148, 163, 102)
INSERT [dbo].[tblDelegate] ([DelegateId], [ScheduleId], [PersonId]) VALUES (149, 147, 103)
INSERT [dbo].[tblDelegate] ([DelegateId], [ScheduleId], [PersonId]) VALUES (150, 139, 105)
INSERT [dbo].[tblDelegate] ([DelegateId], [ScheduleId], [PersonId]) VALUES (151, 130, 106)
INSERT [dbo].[tblDelegate] ([DelegateId], [ScheduleId], [PersonId]) VALUES (152, 146, 106)
INSERT [dbo].[tblDelegate] ([DelegateId], [ScheduleId], [PersonId]) VALUES (153, 12, 107)
INSERT [dbo].[tblDelegate] ([DelegateId], [ScheduleId], [PersonId]) VALUES (154, 191, 107)
INSERT [dbo].[tblDelegate] ([DelegateId], [ScheduleId], [PersonId]) VALUES (155, 151, 108)
INSERT [dbo].[tblDelegate] ([DelegateId], [ScheduleId], [PersonId]) VALUES (156, 110, 109)
INSERT [dbo].[tblDelegate] ([DelegateId], [ScheduleId], [PersonId]) VALUES (157, 143, 109)
INSERT [dbo].[tblDelegate] ([DelegateId], [ScheduleId], [PersonId]) VALUES (158, 72, 111)
INSERT [dbo].[tblDelegate] ([DelegateId], [ScheduleId], [PersonId]) VALUES (159, 172, 112)
INSERT [dbo].[tblDelegate] ([DelegateId], [ScheduleId], [PersonId]) VALUES (160, 162, 113)
INSERT [dbo].[tblDelegate] ([DelegateId], [ScheduleId], [PersonId]) VALUES (161, 7, 114)
INSERT [dbo].[tblDelegate] ([DelegateId], [ScheduleId], [PersonId]) VALUES (162, 17, 114)
INSERT [dbo].[tblDelegate] ([DelegateId], [ScheduleId], [PersonId]) VALUES (163, 24, 114)
INSERT [dbo].[tblDelegate] ([DelegateId], [ScheduleId], [PersonId]) VALUES (164, 113, 114)
INSERT [dbo].[tblDelegate] ([DelegateId], [ScheduleId], [PersonId]) VALUES (165, 155, 114)
INSERT [dbo].[tblDelegate] ([DelegateId], [ScheduleId], [PersonId]) VALUES (166, 23, 115)
INSERT [dbo].[tblDelegate] ([DelegateId], [ScheduleId], [PersonId]) VALUES (167, 120, 115)
INSERT [dbo].[tblDelegate] ([DelegateId], [ScheduleId], [PersonId]) VALUES (168, 9, 116)
INSERT [dbo].[tblDelegate] ([DelegateId], [ScheduleId], [PersonId]) VALUES (169, 132, 116)
INSERT [dbo].[tblDelegate] ([DelegateId], [ScheduleId], [PersonId]) VALUES (170, 189, 116)
INSERT [dbo].[tblDelegate] ([DelegateId], [ScheduleId], [PersonId]) VALUES (171, 104, 117)
INSERT [dbo].[tblDelegate] ([DelegateId], [ScheduleId], [PersonId]) VALUES (172, 9, 118)
INSERT [dbo].[tblDelegate] ([DelegateId], [ScheduleId], [PersonId]) VALUES (173, 31, 118)
INSERT [dbo].[tblDelegate] ([DelegateId], [ScheduleId], [PersonId]) VALUES (174, 20, 119)
INSERT [dbo].[tblDelegate] ([DelegateId], [ScheduleId], [PersonId]) VALUES (175, 172, 119)
INSERT [dbo].[tblDelegate] ([DelegateId], [ScheduleId], [PersonId]) VALUES (176, 56, 120)
INSERT [dbo].[tblDelegate] ([DelegateId], [ScheduleId], [PersonId]) VALUES (177, 122, 120)
INSERT [dbo].[tblDelegate] ([DelegateId], [ScheduleId], [PersonId]) VALUES (178, 5, 121)
INSERT [dbo].[tblDelegate] ([DelegateId], [ScheduleId], [PersonId]) VALUES (179, 13, 122)
INSERT [dbo].[tblDelegate] ([DelegateId], [ScheduleId], [PersonId]) VALUES (180, 98, 122)
INSERT [dbo].[tblDelegate] ([DelegateId], [ScheduleId], [PersonId]) VALUES (181, 164, 122)
INSERT [dbo].[tblDelegate] ([DelegateId], [ScheduleId], [PersonId]) VALUES (182, 10, 123)
INSERT [dbo].[tblDelegate] ([DelegateId], [ScheduleId], [PersonId]) VALUES (183, 137, 123)
INSERT [dbo].[tblDelegate] ([DelegateId], [ScheduleId], [PersonId]) VALUES (184, 68, 126)
INSERT [dbo].[tblDelegate] ([DelegateId], [ScheduleId], [PersonId]) VALUES (185, 26, 127)
INSERT [dbo].[tblDelegate] ([DelegateId], [ScheduleId], [PersonId]) VALUES (186, 67, 128)
INSERT [dbo].[tblDelegate] ([DelegateId], [ScheduleId], [PersonId]) VALUES (187, 128, 128)
INSERT [dbo].[tblDelegate] ([DelegateId], [ScheduleId], [PersonId]) VALUES (188, 142, 130)
INSERT [dbo].[tblDelegate] ([DelegateId], [ScheduleId], [PersonId]) VALUES (189, 30, 131)
INSERT [dbo].[tblDelegate] ([DelegateId], [ScheduleId], [PersonId]) VALUES (190, 61, 131)
INSERT [dbo].[tblDelegate] ([DelegateId], [ScheduleId], [PersonId]) VALUES (191, 93, 131)
INSERT [dbo].[tblDelegate] ([DelegateId], [ScheduleId], [PersonId]) VALUES (192, 25, 132)
INSERT [dbo].[tblDelegate] ([DelegateId], [ScheduleId], [PersonId]) VALUES (193, 27, 132)
INSERT [dbo].[tblDelegate] ([DelegateId], [ScheduleId], [PersonId]) VALUES (194, 38, 132)
INSERT [dbo].[tblDelegate] ([DelegateId], [ScheduleId], [PersonId]) VALUES (195, 172, 132)
INSERT [dbo].[tblDelegate] ([DelegateId], [ScheduleId], [PersonId]) VALUES (196, 77, 133)
INSERT [dbo].[tblDelegate] ([DelegateId], [ScheduleId], [PersonId]) VALUES (197, 134, 134)
INSERT [dbo].[tblDelegate] ([DelegateId], [ScheduleId], [PersonId]) VALUES (198, 3, 135)
INSERT [dbo].[tblDelegate] ([DelegateId], [ScheduleId], [PersonId]) VALUES (199, 134, 135)
INSERT [dbo].[tblDelegate] ([DelegateId], [ScheduleId], [PersonId]) VALUES (200, 154, 135)
INSERT [dbo].[tblDelegate] ([DelegateId], [ScheduleId], [PersonId]) VALUES (201, 144, 137)
GO
print 'Processed 200 total records'
INSERT [dbo].[tblDelegate] ([DelegateId], [ScheduleId], [PersonId]) VALUES (202, 158, 137)
INSERT [dbo].[tblDelegate] ([DelegateId], [ScheduleId], [PersonId]) VALUES (203, 87, 138)
INSERT [dbo].[tblDelegate] ([DelegateId], [ScheduleId], [PersonId]) VALUES (204, 94, 138)
INSERT [dbo].[tblDelegate] ([DelegateId], [ScheduleId], [PersonId]) VALUES (205, 160, 138)
INSERT [dbo].[tblDelegate] ([DelegateId], [ScheduleId], [PersonId]) VALUES (206, 72, 139)
INSERT [dbo].[tblDelegate] ([DelegateId], [ScheduleId], [PersonId]) VALUES (207, 78, 139)
INSERT [dbo].[tblDelegate] ([DelegateId], [ScheduleId], [PersonId]) VALUES (208, 102, 141)
INSERT [dbo].[tblDelegate] ([DelegateId], [ScheduleId], [PersonId]) VALUES (209, 124, 141)
INSERT [dbo].[tblDelegate] ([DelegateId], [ScheduleId], [PersonId]) VALUES (210, 131, 141)
INSERT [dbo].[tblDelegate] ([DelegateId], [ScheduleId], [PersonId]) VALUES (211, 25, 142)
INSERT [dbo].[tblDelegate] ([DelegateId], [ScheduleId], [PersonId]) VALUES (212, 127, 142)
INSERT [dbo].[tblDelegate] ([DelegateId], [ScheduleId], [PersonId]) VALUES (213, 178, 142)
INSERT [dbo].[tblDelegate] ([DelegateId], [ScheduleId], [PersonId]) VALUES (214, 72, 143)
INSERT [dbo].[tblDelegate] ([DelegateId], [ScheduleId], [PersonId]) VALUES (215, 115, 143)
INSERT [dbo].[tblDelegate] ([DelegateId], [ScheduleId], [PersonId]) VALUES (216, 119, 143)
INSERT [dbo].[tblDelegate] ([DelegateId], [ScheduleId], [PersonId]) VALUES (217, 36, 144)
INSERT [dbo].[tblDelegate] ([DelegateId], [ScheduleId], [PersonId]) VALUES (218, 106, 146)
INSERT [dbo].[tblDelegate] ([DelegateId], [ScheduleId], [PersonId]) VALUES (219, 146, 146)
INSERT [dbo].[tblDelegate] ([DelegateId], [ScheduleId], [PersonId]) VALUES (220, 195, 146)
INSERT [dbo].[tblDelegate] ([DelegateId], [ScheduleId], [PersonId]) VALUES (221, 2, 147)
INSERT [dbo].[tblDelegate] ([DelegateId], [ScheduleId], [PersonId]) VALUES (222, 33, 147)
INSERT [dbo].[tblDelegate] ([DelegateId], [ScheduleId], [PersonId]) VALUES (223, 47, 149)
INSERT [dbo].[tblDelegate] ([DelegateId], [ScheduleId], [PersonId]) VALUES (224, 49, 149)
INSERT [dbo].[tblDelegate] ([DelegateId], [ScheduleId], [PersonId]) VALUES (225, 153, 149)
INSERT [dbo].[tblDelegate] ([DelegateId], [ScheduleId], [PersonId]) VALUES (226, 107, 151)
INSERT [dbo].[tblDelegate] ([DelegateId], [ScheduleId], [PersonId]) VALUES (227, 18, 152)
INSERT [dbo].[tblDelegate] ([DelegateId], [ScheduleId], [PersonId]) VALUES (228, 101, 152)
INSERT [dbo].[tblDelegate] ([DelegateId], [ScheduleId], [PersonId]) VALUES (229, 106, 152)
INSERT [dbo].[tblDelegate] ([DelegateId], [ScheduleId], [PersonId]) VALUES (230, 133, 152)
INSERT [dbo].[tblDelegate] ([DelegateId], [ScheduleId], [PersonId]) VALUES (231, 62, 154)
INSERT [dbo].[tblDelegate] ([DelegateId], [ScheduleId], [PersonId]) VALUES (232, 149, 154)
INSERT [dbo].[tblDelegate] ([DelegateId], [ScheduleId], [PersonId]) VALUES (233, 44, 155)
INSERT [dbo].[tblDelegate] ([DelegateId], [ScheduleId], [PersonId]) VALUES (234, 175, 155)
INSERT [dbo].[tblDelegate] ([DelegateId], [ScheduleId], [PersonId]) VALUES (235, 63, 156)
INSERT [dbo].[tblDelegate] ([DelegateId], [ScheduleId], [PersonId]) VALUES (236, 44, 158)
INSERT [dbo].[tblDelegate] ([DelegateId], [ScheduleId], [PersonId]) VALUES (237, 9, 159)
INSERT [dbo].[tblDelegate] ([DelegateId], [ScheduleId], [PersonId]) VALUES (238, 177, 159)
INSERT [dbo].[tblDelegate] ([DelegateId], [ScheduleId], [PersonId]) VALUES (239, 185, 159)
INSERT [dbo].[tblDelegate] ([DelegateId], [ScheduleId], [PersonId]) VALUES (240, 94, 160)
INSERT [dbo].[tblDelegate] ([DelegateId], [ScheduleId], [PersonId]) VALUES (241, 97, 163)
INSERT [dbo].[tblDelegate] ([DelegateId], [ScheduleId], [PersonId]) VALUES (242, 185, 163)
INSERT [dbo].[tblDelegate] ([DelegateId], [ScheduleId], [PersonId]) VALUES (243, 38, 164)
INSERT [dbo].[tblDelegate] ([DelegateId], [ScheduleId], [PersonId]) VALUES (244, 140, 164)
INSERT [dbo].[tblDelegate] ([DelegateId], [ScheduleId], [PersonId]) VALUES (245, 111, 166)
INSERT [dbo].[tblDelegate] ([DelegateId], [ScheduleId], [PersonId]) VALUES (246, 118, 166)
INSERT [dbo].[tblDelegate] ([DelegateId], [ScheduleId], [PersonId]) VALUES (247, 142, 166)
INSERT [dbo].[tblDelegate] ([DelegateId], [ScheduleId], [PersonId]) VALUES (248, 175, 166)
INSERT [dbo].[tblDelegate] ([DelegateId], [ScheduleId], [PersonId]) VALUES (249, 10, 167)
INSERT [dbo].[tblDelegate] ([DelegateId], [ScheduleId], [PersonId]) VALUES (250, 56, 167)
INSERT [dbo].[tblDelegate] ([DelegateId], [ScheduleId], [PersonId]) VALUES (251, 66, 168)
INSERT [dbo].[tblDelegate] ([DelegateId], [ScheduleId], [PersonId]) VALUES (252, 155, 169)
INSERT [dbo].[tblDelegate] ([DelegateId], [ScheduleId], [PersonId]) VALUES (253, 92, 170)
INSERT [dbo].[tblDelegate] ([DelegateId], [ScheduleId], [PersonId]) VALUES (254, 162, 170)
INSERT [dbo].[tblDelegate] ([DelegateId], [ScheduleId], [PersonId]) VALUES (255, 43, 171)
INSERT [dbo].[tblDelegate] ([DelegateId], [ScheduleId], [PersonId]) VALUES (256, 46, 171)
INSERT [dbo].[tblDelegate] ([DelegateId], [ScheduleId], [PersonId]) VALUES (257, 55, 171)
INSERT [dbo].[tblDelegate] ([DelegateId], [ScheduleId], [PersonId]) VALUES (258, 95, 172)
INSERT [dbo].[tblDelegate] ([DelegateId], [ScheduleId], [PersonId]) VALUES (259, 90, 173)
INSERT [dbo].[tblDelegate] ([DelegateId], [ScheduleId], [PersonId]) VALUES (260, 76, 174)
INSERT [dbo].[tblDelegate] ([DelegateId], [ScheduleId], [PersonId]) VALUES (261, 99, 175)
INSERT [dbo].[tblDelegate] ([DelegateId], [ScheduleId], [PersonId]) VALUES (262, 175, 175)
INSERT [dbo].[tblDelegate] ([DelegateId], [ScheduleId], [PersonId]) VALUES (263, 1, 176)
INSERT [dbo].[tblDelegate] ([DelegateId], [ScheduleId], [PersonId]) VALUES (264, 42, 176)
INSERT [dbo].[tblDelegate] ([DelegateId], [ScheduleId], [PersonId]) VALUES (265, 70, 176)
INSERT [dbo].[tblDelegate] ([DelegateId], [ScheduleId], [PersonId]) VALUES (266, 3, 177)
INSERT [dbo].[tblDelegate] ([DelegateId], [ScheduleId], [PersonId]) VALUES (267, 150, 177)
INSERT [dbo].[tblDelegate] ([DelegateId], [ScheduleId], [PersonId]) VALUES (268, 156, 177)
INSERT [dbo].[tblDelegate] ([DelegateId], [ScheduleId], [PersonId]) VALUES (269, 58, 178)
INSERT [dbo].[tblDelegate] ([DelegateId], [ScheduleId], [PersonId]) VALUES (270, 94, 178)
INSERT [dbo].[tblDelegate] ([DelegateId], [ScheduleId], [PersonId]) VALUES (271, 123, 178)
INSERT [dbo].[tblDelegate] ([DelegateId], [ScheduleId], [PersonId]) VALUES (272, 167, 178)
INSERT [dbo].[tblDelegate] ([DelegateId], [ScheduleId], [PersonId]) VALUES (273, 16, 179)
INSERT [dbo].[tblDelegate] ([DelegateId], [ScheduleId], [PersonId]) VALUES (274, 67, 179)
INSERT [dbo].[tblDelegate] ([DelegateId], [ScheduleId], [PersonId]) VALUES (275, 112, 179)
INSERT [dbo].[tblDelegate] ([DelegateId], [ScheduleId], [PersonId]) VALUES (276, 105, 180)
INSERT [dbo].[tblDelegate] ([DelegateId], [ScheduleId], [PersonId]) VALUES (277, 112, 180)
INSERT [dbo].[tblDelegate] ([DelegateId], [ScheduleId], [PersonId]) VALUES (278, 133, 180)
INSERT [dbo].[tblDelegate] ([DelegateId], [ScheduleId], [PersonId]) VALUES (279, 56, 181)
INSERT [dbo].[tblDelegate] ([DelegateId], [ScheduleId], [PersonId]) VALUES (280, 192, 181)
INSERT [dbo].[tblDelegate] ([DelegateId], [ScheduleId], [PersonId]) VALUES (281, 108, 182)
INSERT [dbo].[tblDelegate] ([DelegateId], [ScheduleId], [PersonId]) VALUES (282, 135, 182)
INSERT [dbo].[tblDelegate] ([DelegateId], [ScheduleId], [PersonId]) VALUES (283, 147, 182)
INSERT [dbo].[tblDelegate] ([DelegateId], [ScheduleId], [PersonId]) VALUES (284, 114, 183)
INSERT [dbo].[tblDelegate] ([DelegateId], [ScheduleId], [PersonId]) VALUES (285, 7, 184)
INSERT [dbo].[tblDelegate] ([DelegateId], [ScheduleId], [PersonId]) VALUES (286, 190, 184)
INSERT [dbo].[tblDelegate] ([DelegateId], [ScheduleId], [PersonId]) VALUES (287, 65, 185)
INSERT [dbo].[tblDelegate] ([DelegateId], [ScheduleId], [PersonId]) VALUES (288, 53, 186)
INSERT [dbo].[tblDelegate] ([DelegateId], [ScheduleId], [PersonId]) VALUES (289, 58, 186)
INSERT [dbo].[tblDelegate] ([DelegateId], [ScheduleId], [PersonId]) VALUES (290, 149, 186)
INSERT [dbo].[tblDelegate] ([DelegateId], [ScheduleId], [PersonId]) VALUES (291, 55, 189)
INSERT [dbo].[tblDelegate] ([DelegateId], [ScheduleId], [PersonId]) VALUES (292, 132, 190)
INSERT [dbo].[tblDelegate] ([DelegateId], [ScheduleId], [PersonId]) VALUES (293, 153, 190)
INSERT [dbo].[tblDelegate] ([DelegateId], [ScheduleId], [PersonId]) VALUES (294, 155, 190)
INSERT [dbo].[tblDelegate] ([DelegateId], [ScheduleId], [PersonId]) VALUES (295, 69, 192)
INSERT [dbo].[tblDelegate] ([DelegateId], [ScheduleId], [PersonId]) VALUES (296, 83, 193)
INSERT [dbo].[tblDelegate] ([DelegateId], [ScheduleId], [PersonId]) VALUES (297, 177, 193)
INSERT [dbo].[tblDelegate] ([DelegateId], [ScheduleId], [PersonId]) VALUES (298, 181, 193)
INSERT [dbo].[tblDelegate] ([DelegateId], [ScheduleId], [PersonId]) VALUES (299, 89, 194)
INSERT [dbo].[tblDelegate] ([DelegateId], [ScheduleId], [PersonId]) VALUES (300, 165, 194)
INSERT [dbo].[tblDelegate] ([DelegateId], [ScheduleId], [PersonId]) VALUES (301, 113, 195)
INSERT [dbo].[tblDelegate] ([DelegateId], [ScheduleId], [PersonId]) VALUES (302, 49, 198)
GO
print 'Processed 300 total records'
INSERT [dbo].[tblDelegate] ([DelegateId], [ScheduleId], [PersonId]) VALUES (303, 159, 198)
INSERT [dbo].[tblDelegate] ([DelegateId], [ScheduleId], [PersonId]) VALUES (304, 63, 199)
INSERT [dbo].[tblDelegate] ([DelegateId], [ScheduleId], [PersonId]) VALUES (305, 79, 199)
INSERT [dbo].[tblDelegate] ([DelegateId], [ScheduleId], [PersonId]) VALUES (306, 84, 199)
INSERT [dbo].[tblDelegate] ([DelegateId], [ScheduleId], [PersonId]) VALUES (307, 100, 200)
INSERT [dbo].[tblDelegate] ([DelegateId], [ScheduleId], [PersonId]) VALUES (308, 4, 202)
INSERT [dbo].[tblDelegate] ([DelegateId], [ScheduleId], [PersonId]) VALUES (309, 109, 202)
INSERT [dbo].[tblDelegate] ([DelegateId], [ScheduleId], [PersonId]) VALUES (310, 194, 202)
INSERT [dbo].[tblDelegate] ([DelegateId], [ScheduleId], [PersonId]) VALUES (311, 148, 203)
INSERT [dbo].[tblDelegate] ([DelegateId], [ScheduleId], [PersonId]) VALUES (312, 18, 204)
INSERT [dbo].[tblDelegate] ([DelegateId], [ScheduleId], [PersonId]) VALUES (313, 185, 204)
INSERT [dbo].[tblDelegate] ([DelegateId], [ScheduleId], [PersonId]) VALUES (314, 85, 206)
INSERT [dbo].[tblDelegate] ([DelegateId], [ScheduleId], [PersonId]) VALUES (315, 118, 206)
INSERT [dbo].[tblDelegate] ([DelegateId], [ScheduleId], [PersonId]) VALUES (316, 55, 207)
INSERT [dbo].[tblDelegate] ([DelegateId], [ScheduleId], [PersonId]) VALUES (317, 56, 207)
INSERT [dbo].[tblDelegate] ([DelegateId], [ScheduleId], [PersonId]) VALUES (318, 123, 207)
INSERT [dbo].[tblDelegate] ([DelegateId], [ScheduleId], [PersonId]) VALUES (319, 44, 208)
INSERT [dbo].[tblDelegate] ([DelegateId], [ScheduleId], [PersonId]) VALUES (320, 63, 208)
INSERT [dbo].[tblDelegate] ([DelegateId], [ScheduleId], [PersonId]) VALUES (321, 117, 208)
INSERT [dbo].[tblDelegate] ([DelegateId], [ScheduleId], [PersonId]) VALUES (322, 162, 208)
INSERT [dbo].[tblDelegate] ([DelegateId], [ScheduleId], [PersonId]) VALUES (323, 173, 208)
INSERT [dbo].[tblDelegate] ([DelegateId], [ScheduleId], [PersonId]) VALUES (324, 20, 209)
INSERT [dbo].[tblDelegate] ([DelegateId], [ScheduleId], [PersonId]) VALUES (325, 101, 210)
INSERT [dbo].[tblDelegate] ([DelegateId], [ScheduleId], [PersonId]) VALUES (326, 154, 210)
INSERT [dbo].[tblDelegate] ([DelegateId], [ScheduleId], [PersonId]) VALUES (327, 184, 210)
INSERT [dbo].[tblDelegate] ([DelegateId], [ScheduleId], [PersonId]) VALUES (328, 7, 211)
INSERT [dbo].[tblDelegate] ([DelegateId], [ScheduleId], [PersonId]) VALUES (329, 194, 211)
INSERT [dbo].[tblDelegate] ([DelegateId], [ScheduleId], [PersonId]) VALUES (330, 12, 212)
INSERT [dbo].[tblDelegate] ([DelegateId], [ScheduleId], [PersonId]) VALUES (331, 93, 212)
INSERT [dbo].[tblDelegate] ([DelegateId], [ScheduleId], [PersonId]) VALUES (332, 121, 213)
INSERT [dbo].[tblDelegate] ([DelegateId], [ScheduleId], [PersonId]) VALUES (333, 141, 213)
INSERT [dbo].[tblDelegate] ([DelegateId], [ScheduleId], [PersonId]) VALUES (334, 168, 213)
INSERT [dbo].[tblDelegate] ([DelegateId], [ScheduleId], [PersonId]) VALUES (335, 19, 214)
INSERT [dbo].[tblDelegate] ([DelegateId], [ScheduleId], [PersonId]) VALUES (336, 158, 214)
INSERT [dbo].[tblDelegate] ([DelegateId], [ScheduleId], [PersonId]) VALUES (337, 179, 215)
INSERT [dbo].[tblDelegate] ([DelegateId], [ScheduleId], [PersonId]) VALUES (338, 46, 217)
INSERT [dbo].[tblDelegate] ([DelegateId], [ScheduleId], [PersonId]) VALUES (339, 93, 217)
INSERT [dbo].[tblDelegate] ([DelegateId], [ScheduleId], [PersonId]) VALUES (340, 130, 218)
INSERT [dbo].[tblDelegate] ([DelegateId], [ScheduleId], [PersonId]) VALUES (341, 10, 219)
INSERT [dbo].[tblDelegate] ([DelegateId], [ScheduleId], [PersonId]) VALUES (342, 99, 221)
INSERT [dbo].[tblDelegate] ([DelegateId], [ScheduleId], [PersonId]) VALUES (343, 127, 223)
INSERT [dbo].[tblDelegate] ([DelegateId], [ScheduleId], [PersonId]) VALUES (344, 177, 223)
INSERT [dbo].[tblDelegate] ([DelegateId], [ScheduleId], [PersonId]) VALUES (345, 96, 224)
INSERT [dbo].[tblDelegate] ([DelegateId], [ScheduleId], [PersonId]) VALUES (346, 134, 224)
INSERT [dbo].[tblDelegate] ([DelegateId], [ScheduleId], [PersonId]) VALUES (347, 116, 225)
INSERT [dbo].[tblDelegate] ([DelegateId], [ScheduleId], [PersonId]) VALUES (348, 124, 225)
INSERT [dbo].[tblDelegate] ([DelegateId], [ScheduleId], [PersonId]) VALUES (349, 157, 225)
INSERT [dbo].[tblDelegate] ([DelegateId], [ScheduleId], [PersonId]) VALUES (350, 167, 225)
INSERT [dbo].[tblDelegate] ([DelegateId], [ScheduleId], [PersonId]) VALUES (351, 172, 225)
INSERT [dbo].[tblDelegate] ([DelegateId], [ScheduleId], [PersonId]) VALUES (352, 189, 228)
INSERT [dbo].[tblDelegate] ([DelegateId], [ScheduleId], [PersonId]) VALUES (353, 29, 229)
INSERT [dbo].[tblDelegate] ([DelegateId], [ScheduleId], [PersonId]) VALUES (354, 144, 229)
INSERT [dbo].[tblDelegate] ([DelegateId], [ScheduleId], [PersonId]) VALUES (355, 116, 230)
INSERT [dbo].[tblDelegate] ([DelegateId], [ScheduleId], [PersonId]) VALUES (356, 31, 231)
INSERT [dbo].[tblDelegate] ([DelegateId], [ScheduleId], [PersonId]) VALUES (357, 76, 231)
INSERT [dbo].[tblDelegate] ([DelegateId], [ScheduleId], [PersonId]) VALUES (358, 77, 231)
INSERT [dbo].[tblDelegate] ([DelegateId], [ScheduleId], [PersonId]) VALUES (359, 55, 232)
INSERT [dbo].[tblDelegate] ([DelegateId], [ScheduleId], [PersonId]) VALUES (360, 127, 232)
INSERT [dbo].[tblDelegate] ([DelegateId], [ScheduleId], [PersonId]) VALUES (361, 146, 232)
INSERT [dbo].[tblDelegate] ([DelegateId], [ScheduleId], [PersonId]) VALUES (362, 8, 233)
INSERT [dbo].[tblDelegate] ([DelegateId], [ScheduleId], [PersonId]) VALUES (363, 57, 233)
INSERT [dbo].[tblDelegate] ([DelegateId], [ScheduleId], [PersonId]) VALUES (364, 38, 234)
INSERT [dbo].[tblDelegate] ([DelegateId], [ScheduleId], [PersonId]) VALUES (365, 93, 234)
INSERT [dbo].[tblDelegate] ([DelegateId], [ScheduleId], [PersonId]) VALUES (366, 128, 234)
INSERT [dbo].[tblDelegate] ([DelegateId], [ScheduleId], [PersonId]) VALUES (367, 132, 234)
INSERT [dbo].[tblDelegate] ([DelegateId], [ScheduleId], [PersonId]) VALUES (368, 151, 234)
INSERT [dbo].[tblDelegate] ([DelegateId], [ScheduleId], [PersonId]) VALUES (369, 169, 234)
INSERT [dbo].[tblDelegate] ([DelegateId], [ScheduleId], [PersonId]) VALUES (370, 160, 235)
INSERT [dbo].[tblDelegate] ([DelegateId], [ScheduleId], [PersonId]) VALUES (371, 2, 236)
INSERT [dbo].[tblDelegate] ([DelegateId], [ScheduleId], [PersonId]) VALUES (372, 8, 236)
INSERT [dbo].[tblDelegate] ([DelegateId], [ScheduleId], [PersonId]) VALUES (373, 78, 238)
INSERT [dbo].[tblDelegate] ([DelegateId], [ScheduleId], [PersonId]) VALUES (374, 62, 239)
INSERT [dbo].[tblDelegate] ([DelegateId], [ScheduleId], [PersonId]) VALUES (375, 118, 239)
INSERT [dbo].[tblDelegate] ([DelegateId], [ScheduleId], [PersonId]) VALUES (376, 157, 239)
INSERT [dbo].[tblDelegate] ([DelegateId], [ScheduleId], [PersonId]) VALUES (377, 36, 242)
INSERT [dbo].[tblDelegate] ([DelegateId], [ScheduleId], [PersonId]) VALUES (378, 50, 242)
INSERT [dbo].[tblDelegate] ([DelegateId], [ScheduleId], [PersonId]) VALUES (379, 117, 242)
INSERT [dbo].[tblDelegate] ([DelegateId], [ScheduleId], [PersonId]) VALUES (380, 143, 242)
INSERT [dbo].[tblDelegate] ([DelegateId], [ScheduleId], [PersonId]) VALUES (381, 2, 243)
INSERT [dbo].[tblDelegate] ([DelegateId], [ScheduleId], [PersonId]) VALUES (382, 37, 243)
INSERT [dbo].[tblDelegate] ([DelegateId], [ScheduleId], [PersonId]) VALUES (383, 127, 243)
INSERT [dbo].[tblDelegate] ([DelegateId], [ScheduleId], [PersonId]) VALUES (384, 10, 244)
INSERT [dbo].[tblDelegate] ([DelegateId], [ScheduleId], [PersonId]) VALUES (385, 24, 244)
INSERT [dbo].[tblDelegate] ([DelegateId], [ScheduleId], [PersonId]) VALUES (386, 154, 246)
INSERT [dbo].[tblDelegate] ([DelegateId], [ScheduleId], [PersonId]) VALUES (387, 31, 250)
INSERT [dbo].[tblDelegate] ([DelegateId], [ScheduleId], [PersonId]) VALUES (388, 127, 250)
INSERT [dbo].[tblDelegate] ([DelegateId], [ScheduleId], [PersonId]) VALUES (389, 84, 251)
INSERT [dbo].[tblDelegate] ([DelegateId], [ScheduleId], [PersonId]) VALUES (390, 141, 251)
INSERT [dbo].[tblDelegate] ([DelegateId], [ScheduleId], [PersonId]) VALUES (391, 193, 251)
INSERT [dbo].[tblDelegate] ([DelegateId], [ScheduleId], [PersonId]) VALUES (392, 99, 253)
INSERT [dbo].[tblDelegate] ([DelegateId], [ScheduleId], [PersonId]) VALUES (393, 168, 253)
INSERT [dbo].[tblDelegate] ([DelegateId], [ScheduleId], [PersonId]) VALUES (394, 171, 253)
INSERT [dbo].[tblDelegate] ([DelegateId], [ScheduleId], [PersonId]) VALUES (395, 182, 254)
INSERT [dbo].[tblDelegate] ([DelegateId], [ScheduleId], [PersonId]) VALUES (396, 45, 255)
INSERT [dbo].[tblDelegate] ([DelegateId], [ScheduleId], [PersonId]) VALUES (397, 189, 255)
INSERT [dbo].[tblDelegate] ([DelegateId], [ScheduleId], [PersonId]) VALUES (398, 58, 256)
INSERT [dbo].[tblDelegate] ([DelegateId], [ScheduleId], [PersonId]) VALUES (399, 73, 257)
INSERT [dbo].[tblDelegate] ([DelegateId], [ScheduleId], [PersonId]) VALUES (400, 119, 257)
INSERT [dbo].[tblDelegate] ([DelegateId], [ScheduleId], [PersonId]) VALUES (401, 121, 257)
INSERT [dbo].[tblDelegate] ([DelegateId], [ScheduleId], [PersonId]) VALUES (402, 177, 257)
INSERT [dbo].[tblDelegate] ([DelegateId], [ScheduleId], [PersonId]) VALUES (403, 60, 258)
GO
print 'Processed 400 total records'
INSERT [dbo].[tblDelegate] ([DelegateId], [ScheduleId], [PersonId]) VALUES (404, 6, 259)
INSERT [dbo].[tblDelegate] ([DelegateId], [ScheduleId], [PersonId]) VALUES (405, 78, 259)
INSERT [dbo].[tblDelegate] ([DelegateId], [ScheduleId], [PersonId]) VALUES (406, 188, 259)
INSERT [dbo].[tblDelegate] ([DelegateId], [ScheduleId], [PersonId]) VALUES (407, 108, 260)
INSERT [dbo].[tblDelegate] ([DelegateId], [ScheduleId], [PersonId]) VALUES (408, 187, 260)
INSERT [dbo].[tblDelegate] ([DelegateId], [ScheduleId], [PersonId]) VALUES (409, 3, 262)
INSERT [dbo].[tblDelegate] ([DelegateId], [ScheduleId], [PersonId]) VALUES (410, 164, 262)
INSERT [dbo].[tblDelegate] ([DelegateId], [ScheduleId], [PersonId]) VALUES (411, 13, 263)
INSERT [dbo].[tblDelegate] ([DelegateId], [ScheduleId], [PersonId]) VALUES (412, 35, 264)
INSERT [dbo].[tblDelegate] ([DelegateId], [ScheduleId], [PersonId]) VALUES (413, 52, 264)
INSERT [dbo].[tblDelegate] ([DelegateId], [ScheduleId], [PersonId]) VALUES (414, 131, 265)
INSERT [dbo].[tblDelegate] ([DelegateId], [ScheduleId], [PersonId]) VALUES (415, 138, 265)
INSERT [dbo].[tblDelegate] ([DelegateId], [ScheduleId], [PersonId]) VALUES (416, 152, 265)
INSERT [dbo].[tblDelegate] ([DelegateId], [ScheduleId], [PersonId]) VALUES (417, 5, 266)
INSERT [dbo].[tblDelegate] ([DelegateId], [ScheduleId], [PersonId]) VALUES (418, 123, 267)
INSERT [dbo].[tblDelegate] ([DelegateId], [ScheduleId], [PersonId]) VALUES (419, 10, 268)
INSERT [dbo].[tblDelegate] ([DelegateId], [ScheduleId], [PersonId]) VALUES (420, 147, 268)
INSERT [dbo].[tblDelegate] ([DelegateId], [ScheduleId], [PersonId]) VALUES (421, 183, 268)
INSERT [dbo].[tblDelegate] ([DelegateId], [ScheduleId], [PersonId]) VALUES (422, 80, 269)
INSERT [dbo].[tblDelegate] ([DelegateId], [ScheduleId], [PersonId]) VALUES (423, 100, 269)
INSERT [dbo].[tblDelegate] ([DelegateId], [ScheduleId], [PersonId]) VALUES (424, 41, 271)
INSERT [dbo].[tblDelegate] ([DelegateId], [ScheduleId], [PersonId]) VALUES (425, 80, 271)
INSERT [dbo].[tblDelegate] ([DelegateId], [ScheduleId], [PersonId]) VALUES (426, 142, 271)
INSERT [dbo].[tblDelegate] ([DelegateId], [ScheduleId], [PersonId]) VALUES (427, 94, 272)
INSERT [dbo].[tblDelegate] ([DelegateId], [ScheduleId], [PersonId]) VALUES (428, 136, 272)
INSERT [dbo].[tblDelegate] ([DelegateId], [ScheduleId], [PersonId]) VALUES (429, 138, 272)
INSERT [dbo].[tblDelegate] ([DelegateId], [ScheduleId], [PersonId]) VALUES (430, 150, 272)
INSERT [dbo].[tblDelegate] ([DelegateId], [ScheduleId], [PersonId]) VALUES (431, 63, 273)
INSERT [dbo].[tblDelegate] ([DelegateId], [ScheduleId], [PersonId]) VALUES (432, 152, 274)
INSERT [dbo].[tblDelegate] ([DelegateId], [ScheduleId], [PersonId]) VALUES (433, 116, 275)
INSERT [dbo].[tblDelegate] ([DelegateId], [ScheduleId], [PersonId]) VALUES (434, 133, 275)
INSERT [dbo].[tblDelegate] ([DelegateId], [ScheduleId], [PersonId]) VALUES (435, 41, 278)
INSERT [dbo].[tblDelegate] ([DelegateId], [ScheduleId], [PersonId]) VALUES (436, 180, 278)
INSERT [dbo].[tblDelegate] ([DelegateId], [ScheduleId], [PersonId]) VALUES (437, 14, 279)
INSERT [dbo].[tblDelegate] ([DelegateId], [ScheduleId], [PersonId]) VALUES (438, 24, 279)
INSERT [dbo].[tblDelegate] ([DelegateId], [ScheduleId], [PersonId]) VALUES (439, 155, 279)
INSERT [dbo].[tblDelegate] ([DelegateId], [ScheduleId], [PersonId]) VALUES (440, 192, 279)
INSERT [dbo].[tblDelegate] ([DelegateId], [ScheduleId], [PersonId]) VALUES (441, 165, 281)
INSERT [dbo].[tblDelegate] ([DelegateId], [ScheduleId], [PersonId]) VALUES (442, 187, 281)
INSERT [dbo].[tblDelegate] ([DelegateId], [ScheduleId], [PersonId]) VALUES (443, 44, 282)
INSERT [dbo].[tblDelegate] ([DelegateId], [ScheduleId], [PersonId]) VALUES (444, 124, 282)
INSERT [dbo].[tblDelegate] ([DelegateId], [ScheduleId], [PersonId]) VALUES (445, 102, 284)
INSERT [dbo].[tblDelegate] ([DelegateId], [ScheduleId], [PersonId]) VALUES (446, 148, 284)
INSERT [dbo].[tblDelegate] ([DelegateId], [ScheduleId], [PersonId]) VALUES (447, 29, 285)
INSERT [dbo].[tblDelegate] ([DelegateId], [ScheduleId], [PersonId]) VALUES (448, 69, 285)
INSERT [dbo].[tblDelegate] ([DelegateId], [ScheduleId], [PersonId]) VALUES (449, 1, 286)
INSERT [dbo].[tblDelegate] ([DelegateId], [ScheduleId], [PersonId]) VALUES (450, 45, 286)
INSERT [dbo].[tblDelegate] ([DelegateId], [ScheduleId], [PersonId]) VALUES (451, 146, 286)
INSERT [dbo].[tblDelegate] ([DelegateId], [ScheduleId], [PersonId]) VALUES (452, 130, 287)
INSERT [dbo].[tblDelegate] ([DelegateId], [ScheduleId], [PersonId]) VALUES (453, 158, 289)
INSERT [dbo].[tblDelegate] ([DelegateId], [ScheduleId], [PersonId]) VALUES (454, 168, 290)
INSERT [dbo].[tblDelegate] ([DelegateId], [ScheduleId], [PersonId]) VALUES (455, 183, 290)
INSERT [dbo].[tblDelegate] ([DelegateId], [ScheduleId], [PersonId]) VALUES (456, 156, 291)
INSERT [dbo].[tblDelegate] ([DelegateId], [ScheduleId], [PersonId]) VALUES (457, 164, 292)
INSERT [dbo].[tblDelegate] ([DelegateId], [ScheduleId], [PersonId]) VALUES (458, 83, 294)
INSERT [dbo].[tblDelegate] ([DelegateId], [ScheduleId], [PersonId]) VALUES (459, 184, 295)
INSERT [dbo].[tblDelegate] ([DelegateId], [ScheduleId], [PersonId]) VALUES (460, 178, 296)
INSERT [dbo].[tblDelegate] ([DelegateId], [ScheduleId], [PersonId]) VALUES (461, 94, 297)
INSERT [dbo].[tblDelegate] ([DelegateId], [ScheduleId], [PersonId]) VALUES (462, 144, 298)
INSERT [dbo].[tblDelegate] ([DelegateId], [ScheduleId], [PersonId]) VALUES (463, 183, 298)
INSERT [dbo].[tblDelegate] ([DelegateId], [ScheduleId], [PersonId]) VALUES (464, 170, 299)
INSERT [dbo].[tblDelegate] ([DelegateId], [ScheduleId], [PersonId]) VALUES (465, 44, 300)
INSERT [dbo].[tblDelegate] ([DelegateId], [ScheduleId], [PersonId]) VALUES (466, 148, 300)
INSERT [dbo].[tblDelegate] ([DelegateId], [ScheduleId], [PersonId]) VALUES (467, 158, 300)
INSERT [dbo].[tblDelegate] ([DelegateId], [ScheduleId], [PersonId]) VALUES (468, 184, 301)
INSERT [dbo].[tblDelegate] ([DelegateId], [ScheduleId], [PersonId]) VALUES (469, 45, 304)
INSERT [dbo].[tblDelegate] ([DelegateId], [ScheduleId], [PersonId]) VALUES (470, 86, 304)
INSERT [dbo].[tblDelegate] ([DelegateId], [ScheduleId], [PersonId]) VALUES (471, 92, 304)
INSERT [dbo].[tblDelegate] ([DelegateId], [ScheduleId], [PersonId]) VALUES (472, 186, 304)
INSERT [dbo].[tblDelegate] ([DelegateId], [ScheduleId], [PersonId]) VALUES (473, 65, 305)
INSERT [dbo].[tblDelegate] ([DelegateId], [ScheduleId], [PersonId]) VALUES (474, 151, 305)
INSERT [dbo].[tblDelegate] ([DelegateId], [ScheduleId], [PersonId]) VALUES (475, 166, 305)
INSERT [dbo].[tblDelegate] ([DelegateId], [ScheduleId], [PersonId]) VALUES (476, 56, 306)
INSERT [dbo].[tblDelegate] ([DelegateId], [ScheduleId], [PersonId]) VALUES (477, 112, 306)
INSERT [dbo].[tblDelegate] ([DelegateId], [ScheduleId], [PersonId]) VALUES (478, 116, 306)
INSERT [dbo].[tblDelegate] ([DelegateId], [ScheduleId], [PersonId]) VALUES (479, 135, 306)
INSERT [dbo].[tblDelegate] ([DelegateId], [ScheduleId], [PersonId]) VALUES (480, 80, 307)
INSERT [dbo].[tblDelegate] ([DelegateId], [ScheduleId], [PersonId]) VALUES (481, 173, 308)
INSERT [dbo].[tblDelegate] ([DelegateId], [ScheduleId], [PersonId]) VALUES (482, 109, 309)
INSERT [dbo].[tblDelegate] ([DelegateId], [ScheduleId], [PersonId]) VALUES (483, 2, 310)
INSERT [dbo].[tblDelegate] ([DelegateId], [ScheduleId], [PersonId]) VALUES (484, 32, 310)
INSERT [dbo].[tblDelegate] ([DelegateId], [ScheduleId], [PersonId]) VALUES (485, 38, 310)
INSERT [dbo].[tblDelegate] ([DelegateId], [ScheduleId], [PersonId]) VALUES (486, 145, 312)
INSERT [dbo].[tblDelegate] ([DelegateId], [ScheduleId], [PersonId]) VALUES (487, 165, 312)
INSERT [dbo].[tblDelegate] ([DelegateId], [ScheduleId], [PersonId]) VALUES (488, 195, 312)
INSERT [dbo].[tblDelegate] ([DelegateId], [ScheduleId], [PersonId]) VALUES (489, 155, 313)
INSERT [dbo].[tblDelegate] ([DelegateId], [ScheduleId], [PersonId]) VALUES (490, 181, 313)
INSERT [dbo].[tblDelegate] ([DelegateId], [ScheduleId], [PersonId]) VALUES (491, 90, 314)
INSERT [dbo].[tblDelegate] ([DelegateId], [ScheduleId], [PersonId]) VALUES (492, 97, 314)
INSERT [dbo].[tblDelegate] ([DelegateId], [ScheduleId], [PersonId]) VALUES (493, 177, 314)
INSERT [dbo].[tblDelegate] ([DelegateId], [ScheduleId], [PersonId]) VALUES (494, 4, 315)
INSERT [dbo].[tblDelegate] ([DelegateId], [ScheduleId], [PersonId]) VALUES (495, 43, 316)
INSERT [dbo].[tblDelegate] ([DelegateId], [ScheduleId], [PersonId]) VALUES (496, 63, 316)
INSERT [dbo].[tblDelegate] ([DelegateId], [ScheduleId], [PersonId]) VALUES (497, 21, 317)
INSERT [dbo].[tblDelegate] ([DelegateId], [ScheduleId], [PersonId]) VALUES (498, 44, 317)
INSERT [dbo].[tblDelegate] ([DelegateId], [ScheduleId], [PersonId]) VALUES (499, 112, 318)
INSERT [dbo].[tblDelegate] ([DelegateId], [ScheduleId], [PersonId]) VALUES (500, 120, 318)
INSERT [dbo].[tblDelegate] ([DelegateId], [ScheduleId], [PersonId]) VALUES (501, 171, 319)
INSERT [dbo].[tblDelegate] ([DelegateId], [ScheduleId], [PersonId]) VALUES (502, 160, 320)
INSERT [dbo].[tblDelegate] ([DelegateId], [ScheduleId], [PersonId]) VALUES (503, 7, 322)
INSERT [dbo].[tblDelegate] ([DelegateId], [ScheduleId], [PersonId]) VALUES (504, 175, 322)
GO
print 'Processed 500 total records'
INSERT [dbo].[tblDelegate] ([DelegateId], [ScheduleId], [PersonId]) VALUES (505, 92, 323)
INSERT [dbo].[tblDelegate] ([DelegateId], [ScheduleId], [PersonId]) VALUES (506, 42, 324)
INSERT [dbo].[tblDelegate] ([DelegateId], [ScheduleId], [PersonId]) VALUES (507, 49, 324)
INSERT [dbo].[tblDelegate] ([DelegateId], [ScheduleId], [PersonId]) VALUES (508, 147, 324)
INSERT [dbo].[tblDelegate] ([DelegateId], [ScheduleId], [PersonId]) VALUES (509, 17, 325)
INSERT [dbo].[tblDelegate] ([DelegateId], [ScheduleId], [PersonId]) VALUES (510, 69, 326)
INSERT [dbo].[tblDelegate] ([DelegateId], [ScheduleId], [PersonId]) VALUES (511, 76, 326)
INSERT [dbo].[tblDelegate] ([DelegateId], [ScheduleId], [PersonId]) VALUES (512, 103, 327)
INSERT [dbo].[tblDelegate] ([DelegateId], [ScheduleId], [PersonId]) VALUES (513, 163, 327)
INSERT [dbo].[tblDelegate] ([DelegateId], [ScheduleId], [PersonId]) VALUES (514, 124, 328)
INSERT [dbo].[tblDelegate] ([DelegateId], [ScheduleId], [PersonId]) VALUES (515, 19, 329)
INSERT [dbo].[tblDelegate] ([DelegateId], [ScheduleId], [PersonId]) VALUES (516, 109, 331)
INSERT [dbo].[tblDelegate] ([DelegateId], [ScheduleId], [PersonId]) VALUES (517, 182, 331)
INSERT [dbo].[tblDelegate] ([DelegateId], [ScheduleId], [PersonId]) VALUES (518, 120, 332)
INSERT [dbo].[tblDelegate] ([DelegateId], [ScheduleId], [PersonId]) VALUES (519, 186, 333)
INSERT [dbo].[tblDelegate] ([DelegateId], [ScheduleId], [PersonId]) VALUES (520, 48, 334)
INSERT [dbo].[tblDelegate] ([DelegateId], [ScheduleId], [PersonId]) VALUES (521, 119, 334)
INSERT [dbo].[tblDelegate] ([DelegateId], [ScheduleId], [PersonId]) VALUES (522, 128, 334)
INSERT [dbo].[tblDelegate] ([DelegateId], [ScheduleId], [PersonId]) VALUES (523, 143, 334)
INSERT [dbo].[tblDelegate] ([DelegateId], [ScheduleId], [PersonId]) VALUES (524, 32, 335)
INSERT [dbo].[tblDelegate] ([DelegateId], [ScheduleId], [PersonId]) VALUES (525, 63, 337)
INSERT [dbo].[tblDelegate] ([DelegateId], [ScheduleId], [PersonId]) VALUES (526, 168, 337)
INSERT [dbo].[tblDelegate] ([DelegateId], [ScheduleId], [PersonId]) VALUES (527, 75, 338)
INSERT [dbo].[tblDelegate] ([DelegateId], [ScheduleId], [PersonId]) VALUES (528, 148, 339)
INSERT [dbo].[tblDelegate] ([DelegateId], [ScheduleId], [PersonId]) VALUES (529, 86, 340)
INSERT [dbo].[tblDelegate] ([DelegateId], [ScheduleId], [PersonId]) VALUES (530, 116, 340)
INSERT [dbo].[tblDelegate] ([DelegateId], [ScheduleId], [PersonId]) VALUES (531, 119, 340)
INSERT [dbo].[tblDelegate] ([DelegateId], [ScheduleId], [PersonId]) VALUES (532, 162, 340)
INSERT [dbo].[tblDelegate] ([DelegateId], [ScheduleId], [PersonId]) VALUES (533, 34, 342)
INSERT [dbo].[tblDelegate] ([DelegateId], [ScheduleId], [PersonId]) VALUES (534, 141, 342)
INSERT [dbo].[tblDelegate] ([DelegateId], [ScheduleId], [PersonId]) VALUES (535, 179, 342)
INSERT [dbo].[tblDelegate] ([DelegateId], [ScheduleId], [PersonId]) VALUES (536, 52, 345)
INSERT [dbo].[tblDelegate] ([DelegateId], [ScheduleId], [PersonId]) VALUES (537, 2, 346)
INSERT [dbo].[tblDelegate] ([DelegateId], [ScheduleId], [PersonId]) VALUES (538, 108, 346)
INSERT [dbo].[tblDelegate] ([DelegateId], [ScheduleId], [PersonId]) VALUES (539, 4, 348)
INSERT [dbo].[tblDelegate] ([DelegateId], [ScheduleId], [PersonId]) VALUES (540, 62, 349)
INSERT [dbo].[tblDelegate] ([DelegateId], [ScheduleId], [PersonId]) VALUES (541, 113, 349)
INSERT [dbo].[tblDelegate] ([DelegateId], [ScheduleId], [PersonId]) VALUES (542, 88, 350)
INSERT [dbo].[tblDelegate] ([DelegateId], [ScheduleId], [PersonId]) VALUES (543, 97, 351)
INSERT [dbo].[tblDelegate] ([DelegateId], [ScheduleId], [PersonId]) VALUES (544, 187, 351)
INSERT [dbo].[tblDelegate] ([DelegateId], [ScheduleId], [PersonId]) VALUES (545, 151, 353)
INSERT [dbo].[tblDelegate] ([DelegateId], [ScheduleId], [PersonId]) VALUES (546, 58, 355)
INSERT [dbo].[tblDelegate] ([DelegateId], [ScheduleId], [PersonId]) VALUES (547, 152, 355)
INSERT [dbo].[tblDelegate] ([DelegateId], [ScheduleId], [PersonId]) VALUES (548, 16, 356)
INSERT [dbo].[tblDelegate] ([DelegateId], [ScheduleId], [PersonId]) VALUES (549, 123, 356)
INSERT [dbo].[tblDelegate] ([DelegateId], [ScheduleId], [PersonId]) VALUES (550, 151, 356)
INSERT [dbo].[tblDelegate] ([DelegateId], [ScheduleId], [PersonId]) VALUES (551, 136, 358)
INSERT [dbo].[tblDelegate] ([DelegateId], [ScheduleId], [PersonId]) VALUES (552, 178, 358)
INSERT [dbo].[tblDelegate] ([DelegateId], [ScheduleId], [PersonId]) VALUES (553, 107, 360)
INSERT [dbo].[tblDelegate] ([DelegateId], [ScheduleId], [PersonId]) VALUES (554, 53, 361)
INSERT [dbo].[tblDelegate] ([DelegateId], [ScheduleId], [PersonId]) VALUES (555, 129, 362)
INSERT [dbo].[tblDelegate] ([DelegateId], [ScheduleId], [PersonId]) VALUES (556, 149, 362)
INSERT [dbo].[tblDelegate] ([DelegateId], [ScheduleId], [PersonId]) VALUES (557, 29, 363)
INSERT [dbo].[tblDelegate] ([DelegateId], [ScheduleId], [PersonId]) VALUES (558, 168, 363)
INSERT [dbo].[tblDelegate] ([DelegateId], [ScheduleId], [PersonId]) VALUES (559, 161, 364)
INSERT [dbo].[tblDelegate] ([DelegateId], [ScheduleId], [PersonId]) VALUES (560, 110, 365)
INSERT [dbo].[tblDelegate] ([DelegateId], [ScheduleId], [PersonId]) VALUES (561, 131, 365)
INSERT [dbo].[tblDelegate] ([DelegateId], [ScheduleId], [PersonId]) VALUES (562, 154, 365)
INSERT [dbo].[tblDelegate] ([DelegateId], [ScheduleId], [PersonId]) VALUES (563, 176, 365)
INSERT [dbo].[tblDelegate] ([DelegateId], [ScheduleId], [PersonId]) VALUES (564, 3, 366)
INSERT [dbo].[tblDelegate] ([DelegateId], [ScheduleId], [PersonId]) VALUES (565, 6, 366)
INSERT [dbo].[tblDelegate] ([DelegateId], [ScheduleId], [PersonId]) VALUES (566, 181, 366)
INSERT [dbo].[tblDelegate] ([DelegateId], [ScheduleId], [PersonId]) VALUES (567, 130, 367)
INSERT [dbo].[tblDelegate] ([DelegateId], [ScheduleId], [PersonId]) VALUES (568, 161, 367)
INSERT [dbo].[tblDelegate] ([DelegateId], [ScheduleId], [PersonId]) VALUES (569, 71, 368)
INSERT [dbo].[tblDelegate] ([DelegateId], [ScheduleId], [PersonId]) VALUES (570, 100, 368)
INSERT [dbo].[tblDelegate] ([DelegateId], [ScheduleId], [PersonId]) VALUES (571, 165, 368)
INSERT [dbo].[tblDelegate] ([DelegateId], [ScheduleId], [PersonId]) VALUES (572, 136, 369)
INSERT [dbo].[tblDelegate] ([DelegateId], [ScheduleId], [PersonId]) VALUES (573, 140, 369)
INSERT [dbo].[tblDelegate] ([DelegateId], [ScheduleId], [PersonId]) VALUES (574, 54, 370)
INSERT [dbo].[tblDelegate] ([DelegateId], [ScheduleId], [PersonId]) VALUES (575, 123, 371)
INSERT [dbo].[tblDelegate] ([DelegateId], [ScheduleId], [PersonId]) VALUES (576, 12, 373)
INSERT [dbo].[tblDelegate] ([DelegateId], [ScheduleId], [PersonId]) VALUES (577, 75, 373)
INSERT [dbo].[tblDelegate] ([DelegateId], [ScheduleId], [PersonId]) VALUES (578, 87, 375)
INSERT [dbo].[tblDelegate] ([DelegateId], [ScheduleId], [PersonId]) VALUES (579, 65, 376)
INSERT [dbo].[tblDelegate] ([DelegateId], [ScheduleId], [PersonId]) VALUES (580, 87, 376)
INSERT [dbo].[tblDelegate] ([DelegateId], [ScheduleId], [PersonId]) VALUES (581, 169, 376)
INSERT [dbo].[tblDelegate] ([DelegateId], [ScheduleId], [PersonId]) VALUES (582, 60, 377)
INSERT [dbo].[tblDelegate] ([DelegateId], [ScheduleId], [PersonId]) VALUES (583, 88, 378)
INSERT [dbo].[tblDelegate] ([DelegateId], [ScheduleId], [PersonId]) VALUES (584, 148, 378)
INSERT [dbo].[tblDelegate] ([DelegateId], [ScheduleId], [PersonId]) VALUES (585, 156, 378)
INSERT [dbo].[tblDelegate] ([DelegateId], [ScheduleId], [PersonId]) VALUES (586, 87, 379)
INSERT [dbo].[tblDelegate] ([DelegateId], [ScheduleId], [PersonId]) VALUES (587, 26, 381)
INSERT [dbo].[tblDelegate] ([DelegateId], [ScheduleId], [PersonId]) VALUES (588, 9, 382)
INSERT [dbo].[tblDelegate] ([DelegateId], [ScheduleId], [PersonId]) VALUES (589, 40, 382)
INSERT [dbo].[tblDelegate] ([DelegateId], [ScheduleId], [PersonId]) VALUES (590, 129, 382)
INSERT [dbo].[tblDelegate] ([DelegateId], [ScheduleId], [PersonId]) VALUES (591, 1, 383)
INSERT [dbo].[tblDelegate] ([DelegateId], [ScheduleId], [PersonId]) VALUES (592, 25, 383)
INSERT [dbo].[tblDelegate] ([DelegateId], [ScheduleId], [PersonId]) VALUES (593, 62, 383)
INSERT [dbo].[tblDelegate] ([DelegateId], [ScheduleId], [PersonId]) VALUES (594, 101, 383)
INSERT [dbo].[tblDelegate] ([DelegateId], [ScheduleId], [PersonId]) VALUES (595, 66, 384)
INSERT [dbo].[tblDelegate] ([DelegateId], [ScheduleId], [PersonId]) VALUES (596, 172, 384)
INSERT [dbo].[tblDelegate] ([DelegateId], [ScheduleId], [PersonId]) VALUES (597, 31, 385)
INSERT [dbo].[tblDelegate] ([DelegateId], [ScheduleId], [PersonId]) VALUES (598, 134, 385)
INSERT [dbo].[tblDelegate] ([DelegateId], [ScheduleId], [PersonId]) VALUES (599, 174, 385)
INSERT [dbo].[tblDelegate] ([DelegateId], [ScheduleId], [PersonId]) VALUES (600, 29, 386)
INSERT [dbo].[tblDelegate] ([DelegateId], [ScheduleId], [PersonId]) VALUES (601, 84, 386)
INSERT [dbo].[tblDelegate] ([DelegateId], [ScheduleId], [PersonId]) VALUES (602, 108, 386)
INSERT [dbo].[tblDelegate] ([DelegateId], [ScheduleId], [PersonId]) VALUES (603, 127, 386)
INSERT [dbo].[tblDelegate] ([DelegateId], [ScheduleId], [PersonId]) VALUES (604, 90, 387)
INSERT [dbo].[tblDelegate] ([DelegateId], [ScheduleId], [PersonId]) VALUES (605, 136, 387)
GO
print 'Processed 600 total records'
INSERT [dbo].[tblDelegate] ([DelegateId], [ScheduleId], [PersonId]) VALUES (606, 43, 388)
INSERT [dbo].[tblDelegate] ([DelegateId], [ScheduleId], [PersonId]) VALUES (607, 74, 390)
INSERT [dbo].[tblDelegate] ([DelegateId], [ScheduleId], [PersonId]) VALUES (608, 90, 390)
INSERT [dbo].[tblDelegate] ([DelegateId], [ScheduleId], [PersonId]) VALUES (609, 159, 390)
INSERT [dbo].[tblDelegate] ([DelegateId], [ScheduleId], [PersonId]) VALUES (610, 194, 390)
INSERT [dbo].[tblDelegate] ([DelegateId], [ScheduleId], [PersonId]) VALUES (611, 16, 392)
INSERT [dbo].[tblDelegate] ([DelegateId], [ScheduleId], [PersonId]) VALUES (612, 133, 392)
INSERT [dbo].[tblDelegate] ([DelegateId], [ScheduleId], [PersonId]) VALUES (613, 35, 393)
INSERT [dbo].[tblDelegate] ([DelegateId], [ScheduleId], [PersonId]) VALUES (614, 129, 393)
INSERT [dbo].[tblDelegate] ([DelegateId], [ScheduleId], [PersonId]) VALUES (615, 130, 393)
INSERT [dbo].[tblDelegate] ([DelegateId], [ScheduleId], [PersonId]) VALUES (616, 24, 394)
INSERT [dbo].[tblDelegate] ([DelegateId], [ScheduleId], [PersonId]) VALUES (617, 92, 394)
INSERT [dbo].[tblDelegate] ([DelegateId], [ScheduleId], [PersonId]) VALUES (618, 155, 394)
INSERT [dbo].[tblDelegate] ([DelegateId], [ScheduleId], [PersonId]) VALUES (619, 153, 395)
INSERT [dbo].[tblDelegate] ([DelegateId], [ScheduleId], [PersonId]) VALUES (620, 70, 396)
INSERT [dbo].[tblDelegate] ([DelegateId], [ScheduleId], [PersonId]) VALUES (621, 101, 397)
INSERT [dbo].[tblDelegate] ([DelegateId], [ScheduleId], [PersonId]) VALUES (622, 11, 398)
INSERT [dbo].[tblDelegate] ([DelegateId], [ScheduleId], [PersonId]) VALUES (623, 20, 398)
INSERT [dbo].[tblDelegate] ([DelegateId], [ScheduleId], [PersonId]) VALUES (624, 86, 398)
INSERT [dbo].[tblDelegate] ([DelegateId], [ScheduleId], [PersonId]) VALUES (625, 149, 398)
INSERT [dbo].[tblDelegate] ([DelegateId], [ScheduleId], [PersonId]) VALUES (626, 114, 399)
INSERT [dbo].[tblDelegate] ([DelegateId], [ScheduleId], [PersonId]) VALUES (627, 127, 399)
INSERT [dbo].[tblDelegate] ([DelegateId], [ScheduleId], [PersonId]) VALUES (628, 61, 400)
INSERT [dbo].[tblDelegate] ([DelegateId], [ScheduleId], [PersonId]) VALUES (629, 179, 400)
INSERT [dbo].[tblDelegate] ([DelegateId], [ScheduleId], [PersonId]) VALUES (630, 102, 402)
INSERT [dbo].[tblDelegate] ([DelegateId], [ScheduleId], [PersonId]) VALUES (631, 110, 402)
INSERT [dbo].[tblDelegate] ([DelegateId], [ScheduleId], [PersonId]) VALUES (632, 190, 402)
INSERT [dbo].[tblDelegate] ([DelegateId], [ScheduleId], [PersonId]) VALUES (633, 21, 403)
INSERT [dbo].[tblDelegate] ([DelegateId], [ScheduleId], [PersonId]) VALUES (634, 117, 403)
INSERT [dbo].[tblDelegate] ([DelegateId], [ScheduleId], [PersonId]) VALUES (635, 28, 404)
INSERT [dbo].[tblDelegate] ([DelegateId], [ScheduleId], [PersonId]) VALUES (636, 99, 404)
INSERT [dbo].[tblDelegate] ([DelegateId], [ScheduleId], [PersonId]) VALUES (637, 145, 404)
INSERT [dbo].[tblDelegate] ([DelegateId], [ScheduleId], [PersonId]) VALUES (638, 183, 404)
INSERT [dbo].[tblDelegate] ([DelegateId], [ScheduleId], [PersonId]) VALUES (639, 5, 405)
INSERT [dbo].[tblDelegate] ([DelegateId], [ScheduleId], [PersonId]) VALUES (640, 188, 405)
INSERT [dbo].[tblDelegate] ([DelegateId], [ScheduleId], [PersonId]) VALUES (641, 91, 406)
INSERT [dbo].[tblDelegate] ([DelegateId], [ScheduleId], [PersonId]) VALUES (642, 148, 406)
INSERT [dbo].[tblDelegate] ([DelegateId], [ScheduleId], [PersonId]) VALUES (643, 81, 407)
INSERT [dbo].[tblDelegate] ([DelegateId], [ScheduleId], [PersonId]) VALUES (644, 178, 407)
INSERT [dbo].[tblDelegate] ([DelegateId], [ScheduleId], [PersonId]) VALUES (645, 70, 409)
INSERT [dbo].[tblDelegate] ([DelegateId], [ScheduleId], [PersonId]) VALUES (646, 34, 410)
INSERT [dbo].[tblDelegate] ([DelegateId], [ScheduleId], [PersonId]) VALUES (647, 191, 410)
INSERT [dbo].[tblDelegate] ([DelegateId], [ScheduleId], [PersonId]) VALUES (648, 131, 411)
INSERT [dbo].[tblDelegate] ([DelegateId], [ScheduleId], [PersonId]) VALUES (649, 18, 413)
INSERT [dbo].[tblDelegate] ([DelegateId], [ScheduleId], [PersonId]) VALUES (650, 138, 413)
INSERT [dbo].[tblDelegate] ([DelegateId], [ScheduleId], [PersonId]) VALUES (651, 20, 414)
INSERT [dbo].[tblDelegate] ([DelegateId], [ScheduleId], [PersonId]) VALUES (652, 115, 414)
INSERT [dbo].[tblDelegate] ([DelegateId], [ScheduleId], [PersonId]) VALUES (653, 143, 414)
INSERT [dbo].[tblDelegate] ([DelegateId], [ScheduleId], [PersonId]) VALUES (654, 58, 415)
INSERT [dbo].[tblDelegate] ([DelegateId], [ScheduleId], [PersonId]) VALUES (655, 181, 415)
INSERT [dbo].[tblDelegate] ([DelegateId], [ScheduleId], [PersonId]) VALUES (656, 138, 416)
INSERT [dbo].[tblDelegate] ([DelegateId], [ScheduleId], [PersonId]) VALUES (657, 142, 417)
INSERT [dbo].[tblDelegate] ([DelegateId], [ScheduleId], [PersonId]) VALUES (658, 155, 417)
INSERT [dbo].[tblDelegate] ([DelegateId], [ScheduleId], [PersonId]) VALUES (659, 165, 418)
INSERT [dbo].[tblDelegate] ([DelegateId], [ScheduleId], [PersonId]) VALUES (660, 31, 419)
INSERT [dbo].[tblDelegate] ([DelegateId], [ScheduleId], [PersonId]) VALUES (661, 67, 419)
INSERT [dbo].[tblDelegate] ([DelegateId], [ScheduleId], [PersonId]) VALUES (662, 114, 419)
INSERT [dbo].[tblDelegate] ([DelegateId], [ScheduleId], [PersonId]) VALUES (663, 161, 419)
INSERT [dbo].[tblDelegate] ([DelegateId], [ScheduleId], [PersonId]) VALUES (664, 103, 420)
INSERT [dbo].[tblDelegate] ([DelegateId], [ScheduleId], [PersonId]) VALUES (665, 9, 421)
INSERT [dbo].[tblDelegate] ([DelegateId], [ScheduleId], [PersonId]) VALUES (666, 79, 422)
INSERT [dbo].[tblDelegate] ([DelegateId], [ScheduleId], [PersonId]) VALUES (667, 114, 422)
INSERT [dbo].[tblDelegate] ([DelegateId], [ScheduleId], [PersonId]) VALUES (668, 119, 422)
INSERT [dbo].[tblDelegate] ([DelegateId], [ScheduleId], [PersonId]) VALUES (669, 147, 422)
INSERT [dbo].[tblDelegate] ([DelegateId], [ScheduleId], [PersonId]) VALUES (670, 46, 424)
INSERT [dbo].[tblDelegate] ([DelegateId], [ScheduleId], [PersonId]) VALUES (671, 59, 426)
INSERT [dbo].[tblDelegate] ([DelegateId], [ScheduleId], [PersonId]) VALUES (672, 104, 426)
INSERT [dbo].[tblDelegate] ([DelegateId], [ScheduleId], [PersonId]) VALUES (673, 181, 426)
INSERT [dbo].[tblDelegate] ([DelegateId], [ScheduleId], [PersonId]) VALUES (674, 21, 427)
INSERT [dbo].[tblDelegate] ([DelegateId], [ScheduleId], [PersonId]) VALUES (675, 53, 428)
INSERT [dbo].[tblDelegate] ([DelegateId], [ScheduleId], [PersonId]) VALUES (676, 68, 428)
INSERT [dbo].[tblDelegate] ([DelegateId], [ScheduleId], [PersonId]) VALUES (677, 194, 428)
INSERT [dbo].[tblDelegate] ([DelegateId], [ScheduleId], [PersonId]) VALUES (678, 40, 429)
INSERT [dbo].[tblDelegate] ([DelegateId], [ScheduleId], [PersonId]) VALUES (679, 132, 429)
INSERT [dbo].[tblDelegate] ([DelegateId], [ScheduleId], [PersonId]) VALUES (680, 161, 429)
INSERT [dbo].[tblDelegate] ([DelegateId], [ScheduleId], [PersonId]) VALUES (681, 113, 431)
INSERT [dbo].[tblDelegate] ([DelegateId], [ScheduleId], [PersonId]) VALUES (682, 52, 433)
INSERT [dbo].[tblDelegate] ([DelegateId], [ScheduleId], [PersonId]) VALUES (683, 102, 433)
INSERT [dbo].[tblDelegate] ([DelegateId], [ScheduleId], [PersonId]) VALUES (684, 146, 433)
INSERT [dbo].[tblDelegate] ([DelegateId], [ScheduleId], [PersonId]) VALUES (685, 37, 434)
INSERT [dbo].[tblDelegate] ([DelegateId], [ScheduleId], [PersonId]) VALUES (686, 111, 434)
INSERT [dbo].[tblDelegate] ([DelegateId], [ScheduleId], [PersonId]) VALUES (687, 140, 434)
INSERT [dbo].[tblDelegate] ([DelegateId], [ScheduleId], [PersonId]) VALUES (688, 195, 435)
INSERT [dbo].[tblDelegate] ([DelegateId], [ScheduleId], [PersonId]) VALUES (689, 107, 436)
INSERT [dbo].[tblDelegate] ([DelegateId], [ScheduleId], [PersonId]) VALUES (690, 55, 437)
INSERT [dbo].[tblDelegate] ([DelegateId], [ScheduleId], [PersonId]) VALUES (691, 58, 437)
INSERT [dbo].[tblDelegate] ([DelegateId], [ScheduleId], [PersonId]) VALUES (692, 179, 439)
INSERT [dbo].[tblDelegate] ([DelegateId], [ScheduleId], [PersonId]) VALUES (693, 70, 440)
INSERT [dbo].[tblDelegate] ([DelegateId], [ScheduleId], [PersonId]) VALUES (694, 27, 442)
INSERT [dbo].[tblDelegate] ([DelegateId], [ScheduleId], [PersonId]) VALUES (695, 152, 442)
INSERT [dbo].[tblDelegate] ([DelegateId], [ScheduleId], [PersonId]) VALUES (696, 11, 443)
INSERT [dbo].[tblDelegate] ([DelegateId], [ScheduleId], [PersonId]) VALUES (697, 88, 443)
INSERT [dbo].[tblDelegate] ([DelegateId], [ScheduleId], [PersonId]) VALUES (698, 9, 445)
INSERT [dbo].[tblDelegate] ([DelegateId], [ScheduleId], [PersonId]) VALUES (699, 149, 448)
INSERT [dbo].[tblDelegate] ([DelegateId], [ScheduleId], [PersonId]) VALUES (700, 138, 449)
INSERT [dbo].[tblDelegate] ([DelegateId], [ScheduleId], [PersonId]) VALUES (701, 126, 450)
INSERT [dbo].[tblDelegate] ([DelegateId], [ScheduleId], [PersonId]) VALUES (702, 175, 450)
INSERT [dbo].[tblDelegate] ([DelegateId], [ScheduleId], [PersonId]) VALUES (703, 153, 451)
INSERT [dbo].[tblDelegate] ([DelegateId], [ScheduleId], [PersonId]) VALUES (704, 5, 452)
INSERT [dbo].[tblDelegate] ([DelegateId], [ScheduleId], [PersonId]) VALUES (705, 84, 452)
INSERT [dbo].[tblDelegate] ([DelegateId], [ScheduleId], [PersonId]) VALUES (706, 166, 452)
GO
print 'Processed 700 total records'
INSERT [dbo].[tblDelegate] ([DelegateId], [ScheduleId], [PersonId]) VALUES (707, 16, 453)
INSERT [dbo].[tblDelegate] ([DelegateId], [ScheduleId], [PersonId]) VALUES (708, 41, 453)
INSERT [dbo].[tblDelegate] ([DelegateId], [ScheduleId], [PersonId]) VALUES (709, 88, 453)
INSERT [dbo].[tblDelegate] ([DelegateId], [ScheduleId], [PersonId]) VALUES (710, 45, 454)
INSERT [dbo].[tblDelegate] ([DelegateId], [ScheduleId], [PersonId]) VALUES (711, 82, 454)
INSERT [dbo].[tblDelegate] ([DelegateId], [ScheduleId], [PersonId]) VALUES (712, 179, 454)
INSERT [dbo].[tblDelegate] ([DelegateId], [ScheduleId], [PersonId]) VALUES (713, 4, 456)
INSERT [dbo].[tblDelegate] ([DelegateId], [ScheduleId], [PersonId]) VALUES (714, 15, 456)
INSERT [dbo].[tblDelegate] ([DelegateId], [ScheduleId], [PersonId]) VALUES (715, 28, 456)
INSERT [dbo].[tblDelegate] ([DelegateId], [ScheduleId], [PersonId]) VALUES (716, 159, 456)
INSERT [dbo].[tblDelegate] ([DelegateId], [ScheduleId], [PersonId]) VALUES (717, 185, 456)
INSERT [dbo].[tblDelegate] ([DelegateId], [ScheduleId], [PersonId]) VALUES (718, 130, 457)
INSERT [dbo].[tblDelegate] ([DelegateId], [ScheduleId], [PersonId]) VALUES (719, 84, 458)
INSERT [dbo].[tblDelegate] ([DelegateId], [ScheduleId], [PersonId]) VALUES (720, 178, 458)
INSERT [dbo].[tblDelegate] ([DelegateId], [ScheduleId], [PersonId]) VALUES (721, 36, 459)
INSERT [dbo].[tblDelegate] ([DelegateId], [ScheduleId], [PersonId]) VALUES (722, 133, 459)
INSERT [dbo].[tblDelegate] ([DelegateId], [ScheduleId], [PersonId]) VALUES (723, 135, 459)
INSERT [dbo].[tblDelegate] ([DelegateId], [ScheduleId], [PersonId]) VALUES (724, 52, 460)
INSERT [dbo].[tblDelegate] ([DelegateId], [ScheduleId], [PersonId]) VALUES (725, 55, 460)
INSERT [dbo].[tblDelegate] ([DelegateId], [ScheduleId], [PersonId]) VALUES (726, 181, 460)
INSERT [dbo].[tblDelegate] ([DelegateId], [ScheduleId], [PersonId]) VALUES (727, 92, 461)
INSERT [dbo].[tblDelegate] ([DelegateId], [ScheduleId], [PersonId]) VALUES (728, 98, 462)
INSERT [dbo].[tblDelegate] ([DelegateId], [ScheduleId], [PersonId]) VALUES (729, 126, 462)
INSERT [dbo].[tblDelegate] ([DelegateId], [ScheduleId], [PersonId]) VALUES (730, 77, 465)
INSERT [dbo].[tblDelegate] ([DelegateId], [ScheduleId], [PersonId]) VALUES (731, 97, 466)
INSERT [dbo].[tblDelegate] ([DelegateId], [ScheduleId], [PersonId]) VALUES (732, 119, 466)
INSERT [dbo].[tblDelegate] ([DelegateId], [ScheduleId], [PersonId]) VALUES (733, 143, 466)
INSERT [dbo].[tblDelegate] ([DelegateId], [ScheduleId], [PersonId]) VALUES (734, 99, 467)
INSERT [dbo].[tblDelegate] ([DelegateId], [ScheduleId], [PersonId]) VALUES (735, 93, 468)
INSERT [dbo].[tblDelegate] ([DelegateId], [ScheduleId], [PersonId]) VALUES (736, 62, 469)
INSERT [dbo].[tblDelegate] ([DelegateId], [ScheduleId], [PersonId]) VALUES (737, 124, 469)
INSERT [dbo].[tblDelegate] ([DelegateId], [ScheduleId], [PersonId]) VALUES (738, 6, 470)
INSERT [dbo].[tblDelegate] ([DelegateId], [ScheduleId], [PersonId]) VALUES (739, 23, 470)
INSERT [dbo].[tblDelegate] ([DelegateId], [ScheduleId], [PersonId]) VALUES (740, 115, 470)
INSERT [dbo].[tblDelegate] ([DelegateId], [ScheduleId], [PersonId]) VALUES (741, 134, 470)
INSERT [dbo].[tblDelegate] ([DelegateId], [ScheduleId], [PersonId]) VALUES (742, 96, 471)
INSERT [dbo].[tblDelegate] ([DelegateId], [ScheduleId], [PersonId]) VALUES (743, 193, 471)
INSERT [dbo].[tblDelegate] ([DelegateId], [ScheduleId], [PersonId]) VALUES (744, 38, 472)
INSERT [dbo].[tblDelegate] ([DelegateId], [ScheduleId], [PersonId]) VALUES (745, 179, 472)
INSERT [dbo].[tblDelegate] ([DelegateId], [ScheduleId], [PersonId]) VALUES (746, 37, 473)
INSERT [dbo].[tblDelegate] ([DelegateId], [ScheduleId], [PersonId]) VALUES (747, 55, 473)
INSERT [dbo].[tblDelegate] ([DelegateId], [ScheduleId], [PersonId]) VALUES (748, 92, 474)
INSERT [dbo].[tblDelegate] ([DelegateId], [ScheduleId], [PersonId]) VALUES (749, 147, 475)
INSERT [dbo].[tblDelegate] ([DelegateId], [ScheduleId], [PersonId]) VALUES (750, 25, 476)
INSERT [dbo].[tblDelegate] ([DelegateId], [ScheduleId], [PersonId]) VALUES (751, 174, 476)
INSERT [dbo].[tblDelegate] ([DelegateId], [ScheduleId], [PersonId]) VALUES (752, 72, 477)
INSERT [dbo].[tblDelegate] ([DelegateId], [ScheduleId], [PersonId]) VALUES (753, 100, 477)
INSERT [dbo].[tblDelegate] ([DelegateId], [ScheduleId], [PersonId]) VALUES (754, 61, 478)
INSERT [dbo].[tblDelegate] ([DelegateId], [ScheduleId], [PersonId]) VALUES (755, 87, 479)
INSERT [dbo].[tblDelegate] ([DelegateId], [ScheduleId], [PersonId]) VALUES (756, 54, 484)
INSERT [dbo].[tblDelegate] ([DelegateId], [ScheduleId], [PersonId]) VALUES (757, 70, 484)
INSERT [dbo].[tblDelegate] ([DelegateId], [ScheduleId], [PersonId]) VALUES (758, 158, 485)
INSERT [dbo].[tblDelegate] ([DelegateId], [ScheduleId], [PersonId]) VALUES (759, 188, 485)
INSERT [dbo].[tblDelegate] ([DelegateId], [ScheduleId], [PersonId]) VALUES (760, 1, 486)
INSERT [dbo].[tblDelegate] ([DelegateId], [ScheduleId], [PersonId]) VALUES (761, 64, 486)
INSERT [dbo].[tblDelegate] ([DelegateId], [ScheduleId], [PersonId]) VALUES (762, 6, 487)
INSERT [dbo].[tblDelegate] ([DelegateId], [ScheduleId], [PersonId]) VALUES (763, 28, 488)
INSERT [dbo].[tblDelegate] ([DelegateId], [ScheduleId], [PersonId]) VALUES (764, 64, 488)
INSERT [dbo].[tblDelegate] ([DelegateId], [ScheduleId], [PersonId]) VALUES (765, 99, 489)
INSERT [dbo].[tblDelegate] ([DelegateId], [ScheduleId], [PersonId]) VALUES (766, 82, 490)
INSERT [dbo].[tblDelegate] ([DelegateId], [ScheduleId], [PersonId]) VALUES (767, 184, 490)
INSERT [dbo].[tblDelegate] ([DelegateId], [ScheduleId], [PersonId]) VALUES (768, 73, 491)
INSERT [dbo].[tblDelegate] ([DelegateId], [ScheduleId], [PersonId]) VALUES (769, 78, 491)
INSERT [dbo].[tblDelegate] ([DelegateId], [ScheduleId], [PersonId]) VALUES (770, 95, 491)
INSERT [dbo].[tblDelegate] ([DelegateId], [ScheduleId], [PersonId]) VALUES (771, 182, 492)
INSERT [dbo].[tblDelegate] ([DelegateId], [ScheduleId], [PersonId]) VALUES (772, 183, 492)
INSERT [dbo].[tblDelegate] ([DelegateId], [ScheduleId], [PersonId]) VALUES (773, 29, 494)
INSERT [dbo].[tblDelegate] ([DelegateId], [ScheduleId], [PersonId]) VALUES (774, 104, 494)
INSERT [dbo].[tblDelegate] ([DelegateId], [ScheduleId], [PersonId]) VALUES (775, 158, 494)
INSERT [dbo].[tblDelegate] ([DelegateId], [ScheduleId], [PersonId]) VALUES (776, 91, 495)
INSERT [dbo].[tblDelegate] ([DelegateId], [ScheduleId], [PersonId]) VALUES (777, 61, 497)
INSERT [dbo].[tblDelegate] ([DelegateId], [ScheduleId], [PersonId]) VALUES (778, 195, 497)
INSERT [dbo].[tblDelegate] ([DelegateId], [ScheduleId], [PersonId]) VALUES (779, 107, 498)
INSERT [dbo].[tblDelegate] ([DelegateId], [ScheduleId], [PersonId]) VALUES (780, 105, 499)
INSERT [dbo].[tblDelegate] ([DelegateId], [ScheduleId], [PersonId]) VALUES (781, 138, 499)
INSERT [dbo].[tblDelegate] ([DelegateId], [ScheduleId], [PersonId]) VALUES (782, 30, 500)
INSERT [dbo].[tblDelegate] ([DelegateId], [ScheduleId], [PersonId]) VALUES (783, 95, 500)
INSERT [dbo].[tblDelegate] ([DelegateId], [ScheduleId], [PersonId]) VALUES (784, 134, 501)
INSERT [dbo].[tblDelegate] ([DelegateId], [ScheduleId], [PersonId]) VALUES (785, 194, 501)
INSERT [dbo].[tblDelegate] ([DelegateId], [ScheduleId], [PersonId]) VALUES (786, 7, 502)
INSERT [dbo].[tblDelegate] ([DelegateId], [ScheduleId], [PersonId]) VALUES (787, 36, 502)
INSERT [dbo].[tblDelegate] ([DelegateId], [ScheduleId], [PersonId]) VALUES (788, 126, 502)
INSERT [dbo].[tblDelegate] ([DelegateId], [ScheduleId], [PersonId]) VALUES (789, 59, 503)
INSERT [dbo].[tblDelegate] ([DelegateId], [ScheduleId], [PersonId]) VALUES (790, 184, 503)
INSERT [dbo].[tblDelegate] ([DelegateId], [ScheduleId], [PersonId]) VALUES (791, 168, 506)
INSERT [dbo].[tblDelegate] ([DelegateId], [ScheduleId], [PersonId]) VALUES (792, 120, 507)
INSERT [dbo].[tblDelegate] ([DelegateId], [ScheduleId], [PersonId]) VALUES (793, 185, 507)
INSERT [dbo].[tblDelegate] ([DelegateId], [ScheduleId], [PersonId]) VALUES (794, 12, 508)
INSERT [dbo].[tblDelegate] ([DelegateId], [ScheduleId], [PersonId]) VALUES (795, 25, 509)
INSERT [dbo].[tblDelegate] ([DelegateId], [ScheduleId], [PersonId]) VALUES (796, 47, 509)
INSERT [dbo].[tblDelegate] ([DelegateId], [ScheduleId], [PersonId]) VALUES (797, 68, 509)
INSERT [dbo].[tblDelegate] ([DelegateId], [ScheduleId], [PersonId]) VALUES (798, 110, 509)
INSERT [dbo].[tblDelegate] ([DelegateId], [ScheduleId], [PersonId]) VALUES (799, 8, 510)
INSERT [dbo].[tblDelegate] ([DelegateId], [ScheduleId], [PersonId]) VALUES (800, 162, 511)
INSERT [dbo].[tblDelegate] ([DelegateId], [ScheduleId], [PersonId]) VALUES (801, 195, 511)
INSERT [dbo].[tblDelegate] ([DelegateId], [ScheduleId], [PersonId]) VALUES (802, 4, 512)
INSERT [dbo].[tblDelegate] ([DelegateId], [ScheduleId], [PersonId]) VALUES (803, 30, 512)
INSERT [dbo].[tblDelegate] ([DelegateId], [ScheduleId], [PersonId]) VALUES (804, 172, 512)
INSERT [dbo].[tblDelegate] ([DelegateId], [ScheduleId], [PersonId]) VALUES (805, 3, 514)
INSERT [dbo].[tblDelegate] ([DelegateId], [ScheduleId], [PersonId]) VALUES (806, 40, 514)
INSERT [dbo].[tblDelegate] ([DelegateId], [ScheduleId], [PersonId]) VALUES (807, 150, 514)
GO
print 'Processed 800 total records'
INSERT [dbo].[tblDelegate] ([DelegateId], [ScheduleId], [PersonId]) VALUES (808, 45, 515)
INSERT [dbo].[tblDelegate] ([DelegateId], [ScheduleId], [PersonId]) VALUES (809, 57, 515)
INSERT [dbo].[tblDelegate] ([DelegateId], [ScheduleId], [PersonId]) VALUES (810, 150, 516)
INSERT [dbo].[tblDelegate] ([DelegateId], [ScheduleId], [PersonId]) VALUES (811, 69, 517)
INSERT [dbo].[tblDelegate] ([DelegateId], [ScheduleId], [PersonId]) VALUES (812, 112, 518)
INSERT [dbo].[tblDelegate] ([DelegateId], [ScheduleId], [PersonId]) VALUES (813, 54, 519)
INSERT [dbo].[tblDelegate] ([DelegateId], [ScheduleId], [PersonId]) VALUES (814, 117, 519)
INSERT [dbo].[tblDelegate] ([DelegateId], [ScheduleId], [PersonId]) VALUES (815, 168, 519)
INSERT [dbo].[tblDelegate] ([DelegateId], [ScheduleId], [PersonId]) VALUES (816, 177, 519)
INSERT [dbo].[tblDelegate] ([DelegateId], [ScheduleId], [PersonId]) VALUES (817, 103, 521)
INSERT [dbo].[tblDelegate] ([DelegateId], [ScheduleId], [PersonId]) VALUES (818, 125, 521)
INSERT [dbo].[tblDelegate] ([DelegateId], [ScheduleId], [PersonId]) VALUES (819, 43, 522)
INSERT [dbo].[tblDelegate] ([DelegateId], [ScheduleId], [PersonId]) VALUES (820, 64, 522)
INSERT [dbo].[tblDelegate] ([DelegateId], [ScheduleId], [PersonId]) VALUES (821, 43, 523)
INSERT [dbo].[tblDelegate] ([DelegateId], [ScheduleId], [PersonId]) VALUES (822, 49, 523)
INSERT [dbo].[tblDelegate] ([DelegateId], [ScheduleId], [PersonId]) VALUES (823, 71, 524)
SET IDENTITY_INSERT [dbo].[tblDelegate] OFF
/****** Object:  Default [DF_tblOrg_DateAdded]    Script Date: 02/08/2010 09:47:28 ******/
ALTER TABLE [dbo].[tblOrg] ADD  CONSTRAINT [DF_tblOrg_DateAdded]  DEFAULT (getdate()) FOR [DateAdded]
GO
/****** Object:  Default [DF__tblPerson__Perso__56E8E7AB]    Script Date: 02/08/2010 09:47:28 ******/
ALTER TABLE [dbo].[tblPerson] ADD  CONSTRAINT [DF__tblPerson__Perso__56E8E7AB]  DEFAULT ((0)) FOR [PersonStatusId]
GO
/****** Object:  Default [DF__tblDelega__Sched__3A81B327]    Script Date: 02/08/2010 09:47:28 ******/
ALTER TABLE [dbo].[tblDelegate] ADD  CONSTRAINT [DF__tblDelega__Sched__3A81B327]  DEFAULT ((0)) FOR [ScheduleId]
GO
/****** Object:  ForeignKey [FK_tblSchedule_tblCourse]    Script Date: 02/08/2010 09:47:28 ******/
ALTER TABLE [dbo].[tblSchedule]  WITH CHECK ADD  CONSTRAINT [FK_tblSchedule_tblCourse] FOREIGN KEY([CourseId])
REFERENCES [dbo].[tblCourse] ([CourseId])
ON UPDATE CASCADE
ON DELETE CASCADE
GO
ALTER TABLE [dbo].[tblSchedule] CHECK CONSTRAINT [FK_tblSchedule_tblCourse]
GO
/****** Object:  ForeignKey [FK_tblOrg_tblOrgStatus]    Script Date: 02/08/2010 09:47:28 ******/
ALTER TABLE [dbo].[tblOrg]  WITH CHECK ADD  CONSTRAINT [FK_tblOrg_tblOrgStatus] FOREIGN KEY([OrgStatusId])
REFERENCES [dbo].[tblOrgStatus] ([OrgStatusId])
ON UPDATE CASCADE
ON DELETE CASCADE
GO
ALTER TABLE [dbo].[tblOrg] CHECK CONSTRAINT [FK_tblOrg_tblOrgStatus]
GO
/****** Object:  ForeignKey [FK_tblOrg_tblSector]    Script Date: 02/08/2010 09:47:28 ******/
ALTER TABLE [dbo].[tblOrg]  WITH CHECK ADD  CONSTRAINT [FK_tblOrg_tblSector] FOREIGN KEY([SectorId])
REFERENCES [dbo].[tblSector] ([SectorId])
ON UPDATE CASCADE
ON DELETE CASCADE
GO
ALTER TABLE [dbo].[tblOrg] CHECK CONSTRAINT [FK_tblOrg_tblSector]
GO
/****** Object:  ForeignKey [FK_tblPerson_tblOrg]    Script Date: 02/08/2010 09:47:28 ******/
ALTER TABLE [dbo].[tblPerson]  WITH CHECK ADD  CONSTRAINT [FK_tblPerson_tblOrg] FOREIGN KEY([OrgId])
REFERENCES [dbo].[tblOrg] ([OrgId])
ON UPDATE CASCADE
ON DELETE CASCADE
GO
ALTER TABLE [dbo].[tblPerson] CHECK CONSTRAINT [FK_tblPerson_tblOrg]
GO
/****** Object:  ForeignKey [FK_tblPerson_tblPersonStatus]    Script Date: 02/08/2010 09:47:28 ******/
ALTER TABLE [dbo].[tblPerson]  WITH CHECK ADD  CONSTRAINT [FK_tblPerson_tblPersonStatus] FOREIGN KEY([PersonStatusId])
REFERENCES [dbo].[tblPersonStatus] ([PersonStatusId])
ON UPDATE CASCADE
ON DELETE CASCADE
GO
ALTER TABLE [dbo].[tblPerson] CHECK CONSTRAINT [FK_tblPerson_tblPersonStatus]
GO
/****** Object:  ForeignKey [FK_tblDelegate_tblPerson]    Script Date: 02/08/2010 09:47:28 ******/
ALTER TABLE [dbo].[tblDelegate]  WITH CHECK ADD  CONSTRAINT [FK_tblDelegate_tblPerson] FOREIGN KEY([PersonId])
REFERENCES [dbo].[tblPerson] ([Personid])
ON UPDATE CASCADE
ON DELETE CASCADE
GO
ALTER TABLE [dbo].[tblDelegate] CHECK CONSTRAINT [FK_tblDelegate_tblPerson]
GO
/****** Object:  ForeignKey [FK_tblDelegate_tblSchedule]    Script Date: 02/08/2010 09:47:28 ******/
ALTER TABLE [dbo].[tblDelegate]  WITH CHECK ADD  CONSTRAINT [FK_tblDelegate_tblSchedule] FOREIGN KEY([ScheduleId])
REFERENCES [dbo].[tblSchedule] ([ScheduleId])
ON UPDATE CASCADE
ON DELETE CASCADE
GO
ALTER TABLE [dbo].[tblDelegate] CHECK CONSTRAINT [FK_tblDelegate_tblSchedule]
GO
